Date,Open,High,Low,Close,Volume
2021-01-26,53.74368544471449,54.41989175764062,52.80162649562428,53.02702713012695,24921600
2021-01-27,52.241016618202316,52.697598665277596,50.97530188529006,51.553253173828125,32419700
2021-01-28,50.97530738793002,52.79585502523157,50.91751313472117,52.6513671875,35900800
2021-01-29,52.009843332600305,52.50688187101696,50.73835206327623,50.8308219909668,31481600
2021-02-01,52.02139923158462,52.74961471557617,51.194928672632216,52.74961471557617,27135500
2021-02-02,52.11964712237358,52.35082851854422,50.576518247768476,50.663211822509766,34426700
2021-02-03,51.350973137762715,52.83630783173478,51.20648530990778,52.264137268066406,34346400
2021-02-04,53.14262242793241,53.67434099666932,51.489681290097224,51.60527420043945,29939700
2021-02-05,52.1312067392086,53.61654143924703,51.75554191278633,53.570308685302734,27114800
2021-02-08,53.73212494241525,54.85335170590397,53.43158784258095,54.333194732666016,28164400
2021-02-09,54.67418297932024,55.03251431294685,53.35645494060356,54.471900939941406,32303400
2021-02-10,54.7088728275241,55.29260047271014,54.54704275768097,54.73198699951172,40318300
2021-02-11,55.17701243141945,55.17701243141945,53.80726623535156,53.80726623535156,19775900
2021-02-12,53.81883435583969,54.40834282617442,53.28711573248429,54.26385498046875,14760700
2021-02-17,55.48910658101765,55.89945148252934,55.015186682568526,55.68560791015625,29262900
2021-02-18,56.2693428125345,56.870412735236776,55.49488572407277,56.29246139526367,33088500
2021-02-19,56.18265053300369,57.13049039979445,55.674054929419505,56.50630187988281,24966600
2021-02-22,55.772299436336965,56.93975910097422,54.3505397933077,55.1076545715332,50160600
2021-02-23,55.82432012133502,56.26356439252653,53.93442110156851,56.03238296508789,35756200
2021-02-24,56.13640734472708,56.76059579768211,55.40241114481364,56.59877014160156,21856100
2021-02-25,57.04379279467507,57.18828062283729,54.91693178775052,55.31571960449219,24471000
2021-02-26,55.801205161156766,56.46584569273088,54.338984527204545,54.627960205078125,42856000
2021-03-01,55.483331239642325,57.40791035027798,55.1134427174649,56.968666076660156,32798000
2021-03-02,56.35025660973281,59.05506910337674,54.87070256514771,58.71985626220703,47565800
2021-03-03,58.951038065243296,60.106940772404926,57.59285326621215,57.99741744995117,41473300
2021-03-04,57.44836286184666,58.656279020357104,56.36181154361819,57.136268615722656,48492500
2021-03-05,57.20974205429513,60.76118970856817,56.73259099836695,60.525634765625,46503300
2021-03-08,59.91560307430915,61.56449221299439,59.73440945330727,60.19947814941406,39677300
2021-03-09,58.88882848081563,59.9820452580333,57.91036628715492,59.59549331665039,40537000
2021-03-10,58.888824056269826,59.09417774367308,57.813726262070965,58.67742919921875,31311800
2021-03-11,59.78875948635844,60.45918640780714,59.31764967302948,60.21759033203125,26203200
2021-03-12,59.79481002220436,60.060566207994185,58.41167699498586,58.82843017578125,21115500
2021-03-15,58.28483151149558,58.79822029749741,57.8378817621829,58.47810745239258,20059000
2021-03-16,58.61099500748637,59.094182633864925,57.99492467817069,58.2908821105957,19174300
2021-03-17,58.22443125561695,59.26329112334757,58.01907298480284,59.13041305541992,21424300
2021-03-18,59.00961653710937,59.35388945899764,57.69896388782087,58.0794792175293,19156100
2021-03-19,58.043243248638106,58.079485660478746,56.43663763762078,57.24597930908203,38643000
2021-03-22,56.48495284394087,56.67822880973466,55.476294041456434,56.2977180480957,21120800
2021-03-23,56.37622958264829,56.64198573892505,54.99913787841797,54.99913787841797,20518500
2021-03-24,55.56688382524976,57.16141142724243,55.45212465581351,56.261470794677734,24726000
2021-03-25,56.19503725065131,56.34603423231963,54.7273464045127,55.832645416259766,23644400
2021-03-26,56.61782801799055,57.8197673324181,56.40643316130252,57.69896697998047,26712800
2021-03-29,57.982847022391006,59.46261575421654,57.90433024261741,59.17874526977539,25960500
2021-03-30,59.136460688495056,59.49281135683363,58.333155632259725,58.62910842895508,18118600
2021-03-31,58.689502997833614,59.52904580819697,58.405627948217145,59.17269515991211,18792000
2021-04-01,59.492814706846836,59.710250743455944,58.06136156718061,58.8223876953125,17193400
2021-04-05,60.296120069662656,62.70603077645286,60.27800116787711,62.44631576538086,35908700
2021-04-06,62.6939455246135,63.15297300832966,61.636966705322266,61.636966705322266,22227800
2021-04-07,61.83024281118316,63.61200526803875,61.697364736260134,63.15297317504883,32822700
2021-04-08,63.382501185466154,63.59993723064937,62.887231217673865,63.11674499511719,25936300
2021-04-09,62.814746153007434,63.21338040777143,62.174520407181724,62.210758209228516,18854800
2021-04-12,62.15036045866907,62.591269077979746,61.73360730206222,62.452354431152344,14787500
2021-04-13,62.75434543745671,62.98990035621482,62.12015628199283,62.56106948852539,17605600
2021-04-14,62.79662628033173,65.0978188359431,62.6758259286077,64.626708984375,38030200
2021-04-15,65.62933366157972,66.36619509881986,64.95890666023477,65.35753631591797,19378200
2021-04-16,65.61724181896585,65.90111685511597,64.92869601590722,65.63536071777344,17401500
2021-04-19,65.83469737762853,66.36620520214153,65.01327326188647,65.06763458251953,23297500
2021-04-20,65.20048847615486,65.44208454485153,63.43080383943978,64.11935424804688,20895800
2021-04-22,64.77168391675389,64.77168391675389,63.0201174682824,64.16165924072266,19799100
2021-04-23,64.71730750296328,65.29109419219088,64.3005543574442,65.22465515136719,12795400
2021-04-26,66.40847580409654,66.85543022202906,65.3213002172726,65.5749740600586,16807500
2021-04-27,65.76221334854283,66.80107347059415,65.5447772947152,66.51116180419922,24113300
2021-04-28,66.77690368792716,67.90636276953114,66.03400111875057,67.59832763671875,20570600
2021-04-29,67.76141551661911,68.22044308099548,66.97622926966237,67.616455078125,19724300
2021-04-30,67.03662836477017,67.38090134833094,65.84677124023438,65.84677124023438,36888200
2021-05-03,66.2574733983486,66.65006647043526,65.38773392154951,65.50852966308594,19641000
2021-05-04,65.80448973246112,67.0849459314321,65.62933727028276,66.49907684326172,20775600
2021-05-05,67.64061180268224,68.14192292618256,66.67423196754233,66.86750793457031,25990600
2021-05-06,67.61040499626311,69.57940217408739,67.33257112346696,69.48880767822266,38194400
2021-05-07,70.38875698343372,70.39479815325448,68.96938620767538,69.73040771484375,21678700
2021-05-10,72.35775627211859,72.7503447424199,69.27137756347656,69.27137756347656,38889400
2021-05-11,68.84255762534598,71.70545959472656,68.44392331403246,71.70545959472656,28693600
2021-05-12,71.27057437401663,71.54840826352417,68.83046263061675,69.05393981933594,31737900
2021-05-13,67.64665885211556,68.98751300593864,66.87355491681002,67.94261169433594,34338500
2021-05-14,67.16346080890052,67.51981610945235,66.20916331291332,66.77690887451172,25644200
2021-05-17,67.3446570601924,68.74590893308647,67.14533992887749,68.52847290039062,26097500
2021-05-18,69.19285042974973,69.70020264786609,68.36538997886626,69.21701049804688,27081500
2021-05-19,67.70704645716548,68.11775843647074,66.34203243652412,67.79764556884766,32914300
2021-05-20,67.46545101431326,67.70704711178082,66.55946910485662,67.10910034179688,20951000
2021-05-21,67.10909746607882,67.19365540535969,65.53268864253059,66.07627868652344,27775000
2021-05-24,65.2306959914891,66.52322978415697,64.93474319808142,66.30579376220703,19332500
2021-05-25,66.60779231162978,66.97622534041118,64.49383442560132,64.65691375732422,23310100
2021-05-26,64.24620075328916,66.63195134423574,64.04084245137055,66.5594711303711,28241800
2021-05-27,66.92185890071725,67.70099921028138,66.29974751397766,67.03661346435547,55448700
2021-05-28,67.10910568041028,68.09964561156993,66.0883645066413,67.39901733398438,25153500
2021-05-31,67.94863023851198,69.39216077004522,67.94863023851198,69.32572174072266,17812600
2021-06-01,70.6665932258793,71.27058120216886,68.3714370727539,68.3714370727539,31468400
2021-06-02,68.98750782604738,69.8814074561028,68.55263574307442,69.33782196044922,20338300
2021-06-04,69.15662646694368,69.32574237079551,67.88221140969384,68.19024658203125,18455100
2021-06-07,67.7674398598089,68.03923717693095,66.86145801885925,67.52584838867188,22746100
2021-06-08,67.9365703408225,68.11172280075984,66.25747987766988,66.3903579711914,22676500
2021-06-09,66.4386692540424,68.45598663588629,65.95547708897001,67.76744079589844,22517600
2021-06-10,67.7795384258708,68.47412559184153,67.06683235603299,67.54398345947266,30750900
2021-06-11,68.46203549957279,69.31366074941255,68.26271836347465,69.05998229980469,18359200
2021-06-14,69.40425584549311,69.62772843235659,68.32311688852089,68.68550872802734,19212700
2021-06-15,68.71570854688913,68.77006985977054,67.19366090714664,67.34465789794922,20587900
2021-06-16,67.34466323683708,67.4231800193765,65.24882410105532,65.32130432128906,38217700
2021-06-17,65.03741224762699,65.93131629833245,63.35832675222752,63.96231460571289,33680600
2021-06-18,64.63276171844932,65.88905334472656,64.33680425981768,65.88905334472656,59819400
2021-06-21,65.0796998033167,66.85542580153235,64.71126679541396,66.50511169433594,22673600
2021-06-22,66.85542510629355,67.69496795607917,66.54738997330261,67.28425598144531,18576100
2021-06-23,67.89427812011473,69.00561357990395,67.74328115385673,68.29290771484375,29491400
2021-06-24,68.81008454257139,68.93326577034111,67.9170041945217,68.38510131835938,23136700
2021-06-25,68.73617800831248,70.19589962924985,68.61299677154318,69.22891235351562,26139200
2021-06-28,69.74627108827995,70.02959165920214,67.75686662098259,68.12025451660156,18866400
2021-06-29,68.12025289504149,69.62924867917502,68.12025289504149,69.2966537475586,19589500
2021-06-30,68.87783485197588,70.38682602094507,68.7854465826576,69.75243377685547,18903100
2021-07-01,69.85098081316659,70.43609867280388,68.21880375856982,68.53907775878906,22129200
2021-07-02,68.98252574467202,69.98031039799822,68.72384240090429,69.95567321777344,19688800
2021-07-05,70.15278357561505,70.18973700570027,69.15499867174874,69.70316314697266,13732900
2021-07-06,69.90641300354122,70.42994026683893,69.39520198331739,70.07270812988281,19028000
2021-07-07,70.71326998004986,71.18752763323494,70.21437983753601,70.27597045898438,21460000
2021-07-08,68.9948533471345,70.52848635001538,68.67457934959381,70.00495910644531,21824500
2021-07-12,71.02122387970063,71.63098368596904,70.83029155399436,70.87340545654297,22333300
2021-07-13,70.8918826301561,71.39077744751437,70.73790373447851,71.29222869873047,12698500
2021-07-14,71.60634102300392,71.71104553560595,70.48537494340042,70.9041976928711,19483600
2021-07-15,70.82412877904515,71.54475355401055,70.5223314710203,71.12593078613281,18236100
2021-07-16,71.0397065007271,71.36614573180391,69.59846618223824,69.84483337402344,19576800
2021-07-19,68.98252885034768,69.0810775756836,67.88003965572703,69.0810775756836,18644300
2021-07-20,69.08108443694697,69.6723627505037,67.88004639770105,69.66004180908203,13066600
2021-07-21,69.45063802004724,70.75022019311746,69.2904986629553,70.46073913574219,19607100
2021-07-22,70.0172760537059,70.6455078125,69.40752100854363,70.6455078125,12083800
2021-07-23,69.98031893059715,70.51616239387039,69.4752684220632,70.28827667236328,13163300
2021-07-26,70.48536752783323,71.96972135938351,70.48536752783323,71.81574249267578,16419900
2021-07-27,71.2614229716075,71.4769971603988,70.14661739682235,70.32523345947266,22106500
2021-07-28,71.13824498303907,72.4316666792818,70.9842660977944,72.24689483642578,25209200
2021-07-29,71.67409264603398,72.40702893881871,70.6763077856331,71.18135833740234,30576800
2021-07-30,69.91256752735518,69.91256752735518,66.98696899414062,66.98696899414062,41956700
2021-08-02,68.30502907710066,68.59451011050632,67.0916748046875,67.0916748046875,23109400
2021-08-03,67.6152054687075,69.61693092158427,67.4057964461104,69.37672424316406,36641400
2021-08-04,68.98254426754251,69.75243873481419,68.74849804115456,69.30281829833984,18828200
2021-08-05,67.52897796367313,67.74454745818076,66.45728626307627,67.18406677246094,32215200
2021-08-06,67.65831385902956,68.29886651568712,67.4427443830059,67.56592559814453,19273100
2021-08-09,66.64206586332192,67.41196036127648,66.32179181976058,67.14096069335938,21502300
2021-08-10,67.10400721270541,68.20649677407144,67.03625611626491,67.78767395019531,17440500
2021-08-11,67.86773996592503,68.05867229399989,67.29493828263745,67.30109405517578,14680600
2021-08-12,67.25797271728516,67.73839076876129,67.03008698291906,67.25797271728516,14849500
2021-08-13,67.56592938058894,67.68911530168585,66.49423771188911,66.70365142822266,11855200
2021-08-16,66.0507729906504,67.07319491562022,65.2377647667849,67.01160430908203,21856700
2021-08-17,66.58662834539945,67.33188557304892,65.07763717604462,65.90296173095703,23402600
2021-08-18,65.12688984738652,65.12688984738652,63.691810607910156,63.691810607910156,35379200
2021-08-19,60.76621455661195,61.76399447975912,59.92856925133932,60.05791091918945,60456900
2021-08-20,60.107201611328605,61.03723549022836,60.014818029867655,60.08256912231445,31351100
2021-08-23,60.08872129278871,60.31661174454463,59.22644325709144,59.251075744628906,19773500
2021-08-24,61.209676306719984,62.373756142275624,61.03722073094315,61.41292953491211,29779200
2021-08-25,61.64698395073465,61.87487439148627,60.69847815726877,61.28359603881836,15088600
2021-08-26,61.2774349215785,61.46837193173217,60.501384735107415,60.50138473510742,18032300
2021-08-27,60.98180592815324,62.20747667764842,60.914054835054515,62.016544342041016,19572800
2021-08-30,62.09660550557117,62.60165606814127,61.56075728590448,61.622352600097656,13031600
2021-08-31,60.97564199058541,61.13578135599528,60.17494986259902,60.77854919433594,20433600
2021-09-01,59.96553833623472,61.33902738154155,58.95543720995239,60.88325119018555,20847500
2021-09-02,60.833972081973926,61.59155021723334,60.3042890732431,60.69231414794922,24448600
2021-09-03,61.69009488681274,62.13355007193397,60.67383343540304,60.73542404174805,38716500
2021-09-06,59.67604577908335,60.082552219402416,59.22643014558578,59.7807502746582,11916100
2021-09-08,59.41737287420002,59.57751223027975,58.32719973731849,58.53661346435547,22635100
2021-09-09,58.610523303737004,58.95543449220792,57.38484803216176,58.32719802856445,28997700
2021-09-10,58.82609840716869,59.24492118985609,58.394954681396484,58.394954681396484,18022000
2021-09-13,58.32719668985555,58.511973221759746,57.8591042874064,58.36415481567383,18832800
2021-09-14,58.60436599317859,58.86920986976903,57.32326051111029,57.95149230957031,25571600
2021-09-15,57.82215211623612,58.167068031373304,56.50409317016601,56.504093170166016,35084400
2021-09-16,55.69724042304468,55.69724042304468,54.15129115872756,54.15745162963867,39726500
2021-09-17,54.37918954775055,54.68714735148746,52.40210101164719,53.06113052368164,74648800
2021-09-20,50.99780433740555,51.69994761850798,49.975382370745564,50.96700668334961,49636100
2021-09-21,52.16804516594821,52.16804516594821,50.819193307830275,51.81081771850586,32380300
2021-09-22,54.26215215746248,55.11211851644272,53.28284881227829,53.65239715576172,62161000
2021-09-23,53.847696808570305,54.622776907826626,52.77346635391643,53.65053176879883,47485400
2021-09-24,53.228988578252334,53.56893613193601,52.35192326728589,52.82105255126953,26631600
2021-09-27,53.43976627959273,53.93609210065104,52.01198727420914,53.575748443603516,38386300
2021-09-28,52.67827168082481,52.895837893155424,50.692974157721835,50.89014434814453,35896000
2021-09-29,51.51564767962125,52.21594396586576,50.89014545397716,51.536048889160156,39704900
2021-09-30,52.62388981919533,53.26298778357174,51.48846607360984,51.835208892822266,39151000
2021-10-01,52.18196220576017,52.56270189876157,51.45447447109578,51.80801773071289,23191700
2021-10-04,52.07315893213415,52.351918390034996,51.29128378125378,51.32527542114258,25090000
2021-10-05,51.66522906423019,51.740017942908764,50.95813751220703,50.95813751220703,21889400
2021-10-06,50.35303379272697,52.535496629661246,50.25784888548536,52.39271926879883,27318400
2021-10-07,53.26298594473349,54.64317751823696,52.8346538484529,53.95648193359375,33115300
2021-10-08,55.384254797823445,55.64261307111473,54.112849080252424,54.28962326049805,37172600
2021-10-11,55.683419452881196,56.49929164050299,54.89473850928311,55.49304962158203,28327900
2021-10-13,54.935526906917744,54.935526906917744,53.82729455894625,53.84769058227539,32052800
2021-10-14,54.384808341090846,54.55478211841771,53.800098132111394,53.84769058227539,24030000
2021-10-15,54.044865953760464,55.03751228579542,53.91568939792911,54.85394287109375,26927200
2021-10-18,54.33042402154495,54.66357119321594,53.3581737478539,54.33721923828125,20912800
2021-10-19,54.20124487515945,54.554788088324685,53.582537768134564,53.71171951293945,20804500
2021-10-20,53.28338452377446,53.28338452377446,51.86240096957998,52.127559661865234,27576600
2021-10-21,50.65218834493307,51.100921630859375,49.598348794424915,51.100921630859375,37556500
2021-10-22,50.76777050260922,52.419915953789115,50.74737447769896,51.72642517089844,35142600
2021-10-25,52.487898022464066,52.73946106907467,51.92358904917249,52.35192108154297,17950000
2021-10-26,52.3587171903671,52.39950923186017,51.719614208643,51.794403076171875,16674100
2021-10-27,51.65844246616549,52.16836389467104,50.6181983947754,50.61819839477539,20087300
2021-10-28,50.618193936079436,50.77457210940975,50.006292425523235,50.108272552490234,22719000
2021-10-29,49.6459318384929,49.741121913045966,48.28614180505397,48.68728256225586,30268500
2021-11-01,48.95245479884382,49.53716509058289,48.374544911573,49.170021057128906,19649600
2021-11-03,48.00058750931531,48.20455809076286,45.28780782431214,45.43738555908203,77316900
2021-11-04,45.47818333645843,45.97450904741357,44.614718832091896,44.92066955566406,30122100
2021-11-05,45.16543009905276,45.321808248870745,43.51328485714551,43.58807373046875,35954600
2021-11-08,43.78524840645331,46.334855202009344,43.73765595375713,45.96091079711914,27722000
2021-11-09,45.722943910646535,45.75694073935856,44.34955813799792,44.83228302001953,20961500
2021-11-10,43.928019836307115,45.063443331106974,43.785242497486855,44.66230773925781,22492600
2021-11-11,46.54561669717116,47.0895348377154,45.96090651160185,46.23966598510742,28795100
2021-11-12,45.67535563448897,47.3139002217458,45.55977470581203,46.43684005737305,24542500
2021-11-16,46.23287009463762,46.280462547541624,45.00226153584238,45.09744644165039,17207900
2021-11-17,45.54617376895711,46.03569909747994,44.19318389892578,44.19318389892578,25487600
2021-11-18,43.65606581887603,43.955221336963284,42.05151289180692,42.377864837646484,51343900
2021-11-19,43.016964625967944,44.05720592496116,42.7042134927046,43.53368377685547,26849500
2021-11-22,44.567127696096975,46.92635943200368,44.29516860757637,45.95410919189453,44693500
2021-11-23,48.007394199278856,48.9320519651483,47.055540006508785,47.16432571411133,30391600
2021-11-24,47.667457603357434,48.258968353271484,47.259521480432575,48.258968353271484,20764100
2021-11-25,48.46972350824372,48.46972350824372,47.456681236433994,47.9326057434082,17199200
2021-11-26,45.892923019586334,47.15752842443445,45.892923019586334,46.66800308227539,22664200
2021-11-29,47.78302577171783,48.00059199155721,47.02154659587394,47.252708435058594,18164000
2021-11-30,46.91276411394422,48.578505112680006,46.70199828289774,47.55866241455078,42668700
2021-12-01,48.47652629974986,48.918453997771536,47.57226450476739,47.74903869628906,28194700
2021-12-02,48.25215141503809,50.01307706405493,47.667441270555194,49.965484619140625,24888400
2021-12-03,49.69353481663475,50.543403767696546,48.272556420309876,48.86406707763672,34451500
2021-12-06,49.54396364489491,51.66523328716122,48.92525654110819,51.515655517578125,28848800
2021-12-07,53.22218615648016,54.262424801354314,51.74001467113857,51.896392822265625,37125100
2021-12-08,52.3451258520274,52.3451258520274,50.97854034298009,51.50885772705078,24281000
2021-12-09,50.91734319740626,51.638030337467725,50.61818769601263,51.1145133972168,16925200
2021-12-10,51.33208146720767,51.808005975472106,50.88334819896855,51.43406677246094,16827100
2021-12-13,52.691879001488054,53.52815239574572,52.61709011309148,52.936641693115234,31699100
2021-12-14,53.38536093023477,53.636923984436756,52.50830081660751,52.929832458496094,21063500
2021-12-15,53.08621623358513,53.15420471329479,51.80800999141409,52.63068771362305,22112200
2021-12-16,53.71172223617509,54.7043686322544,53.34457819589554,54.690773010253906,30125700
2021-12-17,54.323622947301516,54.84713992489606,53.75930873385084,53.82729721069336,38744500
2021-12-20,53.03182484827953,53.64373155704356,52.5422994812683,53.22219467163086,19195400
2021-12-21,54.25562962251754,54.65676523107727,53.81369678174705,54.62276840209961,19590300
2021-12-22,54.31682321369565,54.49359740541812,53.42616222553536,54.33721923828125,18655600
2021-12-23,54.35761463196576,54.43240351270383,53.5757393669213,53.81370162963867,13121200
2021-12-27,53.623331447387415,54.01766668550218,53.20859499787704,53.67771911621094,11371400
2021-12-28,53.37856773872855,53.392163358871514,52.059569535770734,52.385921478271484,18923700
2021-12-29,51.9303933026572,53.01822976809384,51.90999727668828,52.52190399169922,12113500
2021-12-30,53.02501943692068,53.69811934659601,52.76666115636706,53.00462341308594,26568500
2022-01-03,53.7117134974553,54.371212581741226,53.03181838989257,53.03181838989258,18557200
2022-01-04,53.378568922765666,53.75930854147194,52.283937331796864,52.40631866455078,18178700
2022-01-05,52.60348715700076,53.494148101849085,52.440308593874455,52.90263748168945,22039000
2022-01-06,53.46695653392056,54.629576669120844,53.24258987962176,53.97007751464844,22044100
2022-01-07,54.6635657194444,57.11118698120117,54.24882930377255,57.11118698120117,35213100
2022-01-10,56.084549324241245,57.29476185812241,55.95537277336754,56.431297302246094,25056700
2022-01-11,56.7576439407682,57.893067487045045,56.64205783413159,57.50552749633789,28418800
2022-01-12,58.80412573280658,58.86531898912998,57.74349103695529,58.13103103637695,27335400
2022-01-13,57.682305818886576,57.947469716988984,56.90722571203281,57.24717330932617,23154200
2022-01-14,56.92082313614065,57.74349565021042,56.37010972117214,57.580322265625,21183400
2022-01-17,57.11119229008253,57.51912834043117,57.11119229008253,57.281166076660156,9688500
2022-01-18,57.505539234378716,59.069295135729874,57.43755074948326,58.68175506591797,24080200
2022-01-19,60.157119653000485,60.51066281630613,59.749178450555995,59.97354507446289,29332500
2022-01-20,60.374676602577814,60.49025750483433,58.906100948540654,58.95369338989258,22748800
2022-01-21,58.790531261987105,58.96730544381262,57.342351351227585,57.729896545410156,32752300
2022-01-24,56.907214343304894,57.083988510994935,55.8057876679144,57.02280044555664,29040100
2022-01-25,57.151969909667976,57.82506966935187,56.46527972004024,57.15196990966797,22490500
2022-01-26,58.40299385060257,58.851721947871056,56.98881070752392,57.315162658691406,25806800
2022-01-27,57.79108773099598,58.10383887743053,56.6148668395199,57.444339752197266,20994900
2022-01-28,58.18542124371398,58.70893816442532,56.31570980416421,56.88002395629883,28453000
2022-01-31,56.39049873658826,56.39049873658826,54.983116149902344,54.983116149902344,31397700
2022-02-01,55.411447776699035,58.015447119596566,55.32306328566978,58.00184631347656,24131300
2022-02-02,58.13103109233915,58.66814884419291,57.60071374390297,58.32820129394531,17489000
2022-02-03,58.67495454574933,59.00130131862971,58.008655004736866,58.30101013183594,19179400
2022-02-04,58.30100461569699,59.946349506865026,58.165027671060336,59.83076858520508,24535400
2022-02-07,59.93274155277408,61.35371952437706,59.93274155277408,61.2789306640625,24915800
2022-02-08,61.49650943683689,62.19680574384881,60.85061116968745,62.13561248779297,26598600
2022-02-09,61.190561084731094,62.41437438130097,60.73503259713658,62.14921569824219,24815300
2022-02-10,62.856306992074934,64.23649855759788,62.57075226287234,63.82176208496094,47888900
2022-02-11,63.47500677432458,63.50220320071144,62.27838994924212,62.52995300292969,34555300
2022-02-14,61.94524067883193,62.66592779820622,61.74807048468112,62.257991790771484,22804400
2022-02-15,60.52426470883998,61.149772196732314,59.62680330738135,60.40868377685547,29624900
2022-02-16,60.80982059348302,61.61209703466495,60.57865355762311,60.85061264038086,20774700
2022-02-17,60.408675278668625,60.51066057550308,58.04264336548529,58.23301315307617,36259300
2022-02-18,58.770136528534714,59.17127216423384,58.083440996791616,58.35540008544922,22690600
2022-02-21,58.87892060672788,59.8239744768035,58.13103695815424,58.40299606323242,14561000
2022-02-22,58.940117753025305,59.42284273243275,58.33501142762804,59.41604232788086,23591200
2022-02-23,59.89195791997184,60.06193169795407,58.16502890039776,58.790531158447266,24413800
2022-02-24,57.53272808429317,59.85796819675179,56.92762183024145,59.51802062988281,37212500
2022-02-25,58.82453235267436,62.82911998434688,57.85908238190675,62.74073028564453,51028300
2022-03-02,67.28921988467846,67.78554041028613,65.99061773438028,67.75154876708984,42191500
2022-03-03,68.12549292898065,68.84618532557104,67.64956839205263,67.7855453491211,38621400
2022-03-04,67.09204772835706,69.41048728929017,66.71130813763206,69.32890319824219,30533200
2022-03-07,71.00823722063357,72.00088332278496,70.62069726851155,71.43656921386719,55305300
2022-03-08,72.74196741516164,72.82355668570929,67.79913285606915,68.30225372314453,53060200
2022-03-09,67.63099607215882,67.63805792026041,65.35050393041143,66.5013427734375,41051200
2022-03-10,66.72021560527129,68.69711303710938,66.42368260647922,68.69711303710938,33107000
2022-03-11,68.78889749247458,69.48081322942654,68.31585597323652,68.3370361328125,24321500
2022-03-14,67.05912054535159,67.21444352110817,64.42561100748405,64.67272186279297,37172800
2022-03-15,62.8299714304228,63.24653433971864,61.62265379695191,62.815853118896484,47128500
2022-03-16,64.87747642951767,66.28248285414544,63.0559070629472,64.34088897705078,37906100
2022-03-17,65.59056882399751,67.05912104157557,65.35757627871959,66.57901763916016,40663500
2022-03-18,67.36272116070919,67.84281921386719,66.22600574281894,67.84281921386719,46080900
2022-03-21,68.71828686332438,70.20095710726095,68.59120053460914,69.76321411132812,25374600
2022-03-22,69.55142389673392,69.86913710169505,67.91342492489483,68.20289611816406,29489800
2022-03-23,68.83832280194724,69.85501360089202,67.98402221151657,68.09698486328125,26309600
2022-03-24,67.9204868036349,68.9089357452153,67.29211680657157,68.4217758178711,23122800
2022-03-25,68.97952583236544,69.40315057965134,66.57901432634488,67.23562622070312,22505500
2022-03-28,67.56745086624029,68.01931219010096,66.09184240882915,67.31327819824219,16274200
2022-03-29,67.3132922612345,67.53922835697894,65.94358969376833,66.73434448242188,38228800
2022-03-30,68.00521323210094,68.56298089078251,67.26387517504752,67.6875,22007500
2022-03-31,68.07581211201136,68.40764902759541,67.32741762945204,67.49686431884766,17981400
2022-04-01,68.3299678061636,68.83831313424359,67.82868432614355,68.4570541381836,22457700
2022-04-04,68.32291522355115,69.36784802704517,68.16759225145123,69.14897918701172,16914000
2022-04-05,68.73947066489973,69.03600365208685,66.94614365866359,67.15089416503906,25764400
2022-04-06,67.3062249077654,68.28761177175744,67.3062249077654,68.16758728027344,22615800
2022-04-07,67.42624630400871,68.97246247176409,67.1720736357034,68.57707977294922,19946600
2022-04-08,68.23112736675954,68.7677147310358,66.80494101427645,67.17913818359375,26887400
2022-04-11,66.23305456141168,66.86848630344599,65.60468466834789,66.36720275878906,16515800
2022-04-12,67.14384509343154,67.50392401016985,65.83062117272749,65.92240905761719,16822600
2022-04-13,66.00712874241974,66.63549868183082,65.52702532265042,65.94358825683594,23674700
2022-04-14,65.88003920940807,66.3672044551888,64.50327488865292,65.0186767578125,24980700
2022-04-18,64.67977542949481,64.95512825966661,63.55012210230126,63.945499420166016,14812600
2022-04-19,63.3242091385689,63.3242091385689,61.31200735874262,61.90507888793945,34550900
2022-04-20,61.149611556944535,61.19197187765251,59.58927690038809,60.295310974121094,29635700
2022-04-22,58.777339395786065,58.88324558913706,56.53921256983869,56.80044174194336,39058200
2022-04-25,55.028297248711525,56.20737285516423,54.74588254282862,55.83317565917969,38943700
2022-04-26,55.83317775598754,56.00262443123584,54.964753445441225,55.07065963745117,37069400
2022-04-27,56.807498711556335,58.389013466812315,56.58862988094758,58.01481628417969,49408800
2022-04-28,60.02702213873205,60.401224769693734,57.06874266010882,59.44807434082031,56032800
2022-04-29,60.84602218013298,61.56617463021312,58.80558395385742,58.80558395385742,47492200
2022-05-02,58.71379791684825,58.74203454042481,56.93458898121563,58.54434585571289,31473600
2022-05-03,58.56552353838148,59.455127968552354,58.02894152733074,58.24781036376953,27364600
2022-05-04,57.845376669814975,58.021885202874756,56.376824381970515,57.760650634765625,34032200
2022-05-05,57.577087475739894,58.74203952181183,55.83318225161198,56.71572494506836,30906600
2022-05-06,55.917884097552296,57.1181449889728,55.247154030737384,56.31326675415039,25204100
2022-05-09,54.73881550073513,55.05653403469079,53.71506834897259,54.004539489746094,37050200
2022-05-10,53.8492222560686,54.32226923044443,52.860778755254834,53.33382034301758,31905000
2022-05-11,54.62586216671867,56.40506579083668,54.449353635545286,55.55782699584961,33933400
2022-05-12,54.399933088548714,55.00006103515625,53.56681258103998,55.00006103515625,27737200
2022-05-13,55.36719322844268,56.02380516164175,54.929455530718464,54.9365119934082,26086800
2022-05-16,55.55076807109437,56.93459438195847,55.43780001962146,56.58157730102539,23828800
2022-05-17,57.78888494841902,57.838307115627735,55.67784468248636,56.34151840209961,29305300
2022-05-18,55.571937018274156,55.95319603512778,54.661152486892504,54.91532516479492,30631700
2022-05-19,54.91532929601649,56.7510168071547,54.69646045726217,56.3768196105957,29984300
2022-05-20,57.901855261418696,58.21956843647651,56.892226331565354,57.37232971191406,38372000
2022-05-23,58.10660816431154,59.05975311509411,58.085422616710126,58.54434585571289,27632800
2022-05-24,57.76770563179819,59.37040055175582,57.18875792750278,59.33510208129883,35176800
2022-05-25,59.306868174384604,59.871697644976344,58.89031061444831,59.518680572509766,24607700
2022-05-26,59.41983125246481,59.76578644629,58.67143145854515,59.48337173461914,27450600
2022-05-27,59.94229252303754,60.63420288246866,59.801082479655,60.521240234375,19834500
2022-05-30,60.91661808814892,61.71444002669709,60.72599126126601,61.177852630615234,16147900
2022-05-31,61.58028717256818,61.72855366817484,60.019952657912896,60.867191314697266,41369800
2022-06-01,60.85307520211898,62.681700767247804,60.718927011749216,62.30044174194336,26258900
2022-06-02,63.54306020865163,63.74074886744285,62.83702620633328,63.47245788574219,25142400
2022-06-03,63.19004846985617,63.40891730508607,62.38517007111326,62.455772399902344,18431900
2022-06-06,63.2888998834313,63.394806081761864,62.519325256347656,62.519325256347656,14932800
2022-06-07,62.30045489656248,64.17144656174504,62.20867239181053,63.98081970214844,27004800
2022-06-08,63.387741527929904,63.776062443038185,61.319061370361595,61.777984619140625,26959100
2022-06-09,61.42495713541958,61.42495713541958,59.62456830611599,59.688114166259766,36291100
2022-06-10,58.86206686022326,60.005838693732464,58.16308919906442,59.70224380493164,28689500
2022-06-13,57.96539457640103,58.50904381279879,56.553326472778046,57.81006622314453,31050500
2022-06-14,58.12778278075036,58.459619635555505,57.11109205736646,57.69710159301758,22634500
2022-06-15,57.965406750116784,59.14448257148088,57.57002932178234,57.66181182861328,33610300
2022-06-17,56.02380481801806,56.02380481801806,53.73625583980581,54.65410232543945,56914600
2022-06-20,53.37617483974083,53.785675894854506,52.42302991854434,53.305572509765625,26725700
2022-06-21,54.22341781048377,54.816483833645556,53.48914174375079,53.65858840942383,20981000
2022-06-22,52.246512678109916,53.69388444072922,51.80876968676179,53.19965744018555,32228300
2022-06-23,53.96924550252784,54.58349168994108,51.138047401484165,51.25807189941406,31943300
2022-06-24,51.38515962483232,52.86783011967317,51.25807327461096,52.68426513671875,22394300
2022-06-27,54.0116133700613,55.75551861131877,53.700956615197015,55.1059684753418,28825700
2022-06-28,56.482730872017264,56.64512109338402,55.621368364360926,56.09440994262695,26052000
2022-06-29,56.20736947168101,56.546262789050346,55.09889626177205,55.628421783447266,18636600
2022-06-30,54.35756522304303,55.10596505083355,53.778617461891606,54.05397033691406,27471300
2022-07-01,53.319695887838385,54.03279187755888,52.10532169167606,53.023162841796875,26721000
2022-07-04,52.24652855898952,52.95962457865446,51.949995500495945,52.71957015991211,12474200
2022-07-05,52.48657250029509,52.54305652118101,51.23689451121732,52.458335876464844,26472200
2022-07-06,52.70543816279193,53.270262119952434,51.92174000694843,52.95254898071289,23138800
2022-07-07,54.54818704488451,55.22597902229601,54.2798906838635,54.491703033447266,34251200
2022-07-08,54.24459514389978,54.97180932390891,53.16436395327558,53.23496627807617,24149200
2022-07-11,52.35242445234943,52.359486300907655,51.22982754252765,51.42045974731445,22076800
2022-07-12,50.83445248521903,51.66051104531686,50.170778742946034,51.57579040527344,22460000
2022-07-13,51.5051813453858,51.992346559369324,51.05331998824049,51.3992805480957,22980800
2022-07-14,49.77539883938883,50.00839136078565,47.69965707896652,47.97500991821289,57715800
2022-07-15,47.65729767124374,48.35626986217056,47.05716981492831,48.271549224853516,36589000
2022-07-18,49.69774012948567,49.69774012948567,48.50454077049327,48.525726318359375,22131300
2022-07-19,48.15858458213223,48.90697899303336,48.003256220636686,48.63162612915039,21785500
2022-07-20,48.33508798545764,48.34921168225015,46.72533129428284,47.57963180541992,40427400
2022-07-21,47.52315340200317,48.44806173307231,47.05011184923632,48.412757873535156,26987300
2022-07-22,49.281175441114826,49.951905587646934,48.69516592729973,48.8646125793457,27884000
2022-07-25,49.88836712864085,50.290806310141384,49.45062409100729,49.76833724975586,19833200
2022-07-26,50.35434766757373,50.424949994461926,49.12584994255978,49.67655563354492,19791500
2022-07-27,49.401204757003796,49.8601279799865,48.93521968506714,49.789520263671875,21666900
2022-07-28,50.453189716113414,50.813268569521206,49.641249527163765,49.9095458984375,21778700
2022-07-29,49.18939610427132,49.648319361988435,48.03150057235872,49.245880126953125,77006600
2022-08-01,48.673988874551796,49.31647705563206,47.960892979553265,48.06679916381836,38874000
2022-08-02,48.24330441281282,49.75421673875282,47.2901595921104,49.5988883972168,32636900
2022-08-03,49.46474439042824,49.52829025670037,47.671417236328125,47.671417236328125,31934600
2022-08-04,47.77732379910273,48.04562019074804,47.17719592226375,47.39606475830078,40540800
2022-08-05,47.932646957192716,48.5398366170771,47.65729413313024,48.010311126708984,36129300
2022-08-08,48.596319742348825,48.81518855065928,47.84086360533572,48.4198112487793,35705300
2022-08-09,48.42687551958952,49.53535420910921,48.1162241837068,49.422386169433594,35174600
2022-08-10,49.93778689586805,49.9942655217102,48.801071731636796,49.45768356323242,30202200
2022-08-11,49.98721455651087,51.99941058858551,49.8107060381427,51.1804084777832,51158600
2022-08-12,51.07796906142138,51.835453033447266,50.7215106817182,51.835453033447266,35608400
2022-08-15,50.498721099061704,50.90716890368451,49.78579865755966,50.72151184082031,26735800
2022-08-16,51.61265904178869,52.2438918681319,51.323034501868825,51.85029983520508,22070200
2022-08-17,50.73635896564726,51.09282299859344,50.41702860943842,50.669525146484375,29131700
2022-08-18,50.72152018908976,50.951733171874935,50.283366502396376,50.290794372558594,27692000
2022-08-19,49.75609283387232,50.082851077480385,49.369928636175096,49.72638702392578,45903800
2022-08-22,49.60756635155557,49.68925590735542,48.887216086304285,48.99861145019531,19335700
2022-08-23,49.59271187626621,52.206766396756855,49.49617224686654,52.13992691040039,37223500
2022-08-24,51.8205970202072,52.16963319508728,50.357618499524555,50.461585998535156,28773800
2022-08-25,51.16708755789328,51.5606796238626,50.68437806223502,51.441856384277344,24956700
2022-08-26,51.72405584250294,52.87512616591354,50.669525146484375,50.669525146484375,28510100
2022-08-29,50.12740652025284,50.42445895131141,49.64469702800815,49.68925857543945,22128100
2022-08-30,48.968908349511814,49.44418997364106,47.82526017088711,48.248558044433594,34469300
2022-08-31,48.5827336172788,48.775818528283956,47.89951705932617,47.89951705932617,33242900
2022-09-01,47.51334695931301,47.51334695931301,45.96868193691594,47.446510314941406,40922200
2022-09-02,47.892091838496626,48.13716050841857,46.726165771484375,46.726165771484375,49910300
2022-09-05,47.86238861824834,49.36992873044337,47.69901516193627,48.4342155456543,24319700
2022-09-06,48.025758759550364,48.6792751258068,47.22372186975683,47.28313064575195,24525000
2022-09-08,47.65445534301011,48.048047424676646,47.20145447208357,47.906951904296875,24144700
2022-09-09,49.4219108478597,51.71662935317177,49.19169224439524,51.64979553222656,49273400
2022-09-12,52.05080523662416,52.42954718626304,51.434428167207976,52.1027946472168,24797600
2022-09-13,51.47899160225835,52.72660732618618,50.565556334498794,50.68437957763672,29457800
2022-09-14,50.31306325143843,51.22649847943668,49.36250001092879,49.7560920715332,31018300
2022-09-15,50.35019814698423,50.96657529496953,49.88976658744214,50.75864028930664,36958800
2022-09-16,49.96402924707426,51.12995540779579,49.45161392619909,50.68437957763672,65178000
2022-09-19,50.075421781003826,52.399846101468455,50.00116009115646,52.325584411621094,34136800
2022-09-20,51.83545543260288,52.05824051377782,50.79577472304101,51.575531005859375,35289700
2022-09-21,51.57552924447252,51.976549175856796,50.80320085714412,50.83290100097656,44482000
2022-09-22,52.1102166156805,52.503808633863414,51.4492780066935,51.99882125854492,34529500
2022-09-23,51.02598746244218,51.27848401902842,50.372476628237614,50.922019958496094,44160700
2022-09-26,50.27592896499081,51.55325042865172,50.23137308419456,51.03341293334961,18503200
2022-09-27,50.231372616932674,50.66952621530046,49.89719218246189,50.27592849731445,31646600
2022-09-28,50.283359304965295,51.12252720742462,50.08285216572423,50.75121307373047,24371000
2022-09-29,50.44674384040086,51.077976802215694,50.01601803933017,50.818058013916016,34889700
2022-09-30,50.86260334819618,54.137596398657585,50.69180203666939,53.49893569946289,55575000
2022-10-03,54.39009915457447,55.08074375162077,52.82315287166087,54.954498291015625,42688100
2022-10-04,55.10300883289228,56.62539887217035,54.99904134068634,56.283790588378906,41717500
2022-10-05,56.65510088112957,57.82102682196286,56.52885545845789,57.15266036987305,42621400
2022-10-06,57.33089657732278,57.60567105965653,55.63770513458313,55.867923736572266,76852200
2022-10-07,55.964456088250415,58.99438020535129,55.81593272921336,56.07585144042969,83593200
2022-10-10,56.744216325315264,57.197214257646394,54.56831574709581,54.947052001953125,45515900
2022-10-11,54.360381771809585,55.08815989806051,53.49150814082902,54.57574462890625,33885800
2022-10-13,53.65488902232871,54.063336810619475,52.763737422535385,53.6029052734375,32960000
2022-10-14,53.92223644650262,54.4792076212021,51.686923878950346,51.857730865478516,34091700
2022-10-17,52.139928339736564,52.90483452465107,51.434433774144544,52.67462158203125,25840500
2022-10-18,53.6920259759695,54.08561805099153,52.53352202658305,53.43952941894531,27494000
2022-10-19,53.19445272200359,53.56576679963651,52.414696558456356,52.80828857421875,22651000
2022-10-20,52.71175291470488,54.35296058127324,52.221615575812926,53.48408126831055,37240700
2022-10-21,53.32070602318852,55.45947315926221,53.05335942295388,55.051025390625,36846800
2022-10-24,54.41236686148804,54.91735427470433,52.86027661054311,53.4172477722168,32035800
2022-10-25,53.179606969868175,54.41236686148804,52.66719168807121,53.4172477722168,28158100
2022-10-26,52.9345399539484,55.5857225397728,52.81572238196106,54.60545349121094,40845700
2022-10-27,53.46922915037535,53.55834657198186,51.56067494761214,52.659767150878906,52613000
2022-10-28,50.93686671064492,51.27848067654786,49.49617182167035,50.09027099609375,52793500
2022-10-31,49.01346276217734,51.538399855813886,48.65699872186242,49.852630615234375,39184100
2022-11-01,51.575526849906325,52.5780794647221,51.20421274539785,51.367591857910156,42670000
2022-11-03,50.23137128002845,50.45416200761522,49.444187196614706,49.86748504638672,34390300
2022-11-04,52.83799825553262,54.5014838589054,52.578079515287435,53.65488815307617,61191100
2022-11-07,53.46923173687878,54.23413789547499,53.053361747538005,53.3726921081543,29445500
2022-11-08,53.209321414408926,55.645141450273684,53.209321414408926,54.99163055419922,39756500
2022-11-09,55.02875201520293,55.533739450214135,53.85539802417634,54.32325744628906,42208500
2022-11-10,53.097915855201364,56.046150691032715,53.00879843225863,55.36293411254883,47658100
2022-11-11,57.917577317548876,61.630718675670046,57.33832817221062,61.118309020996094,80174100
2022-11-14,61.18514574429146,62.70753603956076,60.43508956799452,61.86836242675781,43822500
2022-11-16,61.87578174556443,62.9525903753026,60.55390444865433,61.22227096557617,32935300
2022-11-17,60.056348341402305,61.85350733835656,59.95980304323115,61.712406158447266,31790500
2022-11-18,62.64069075087396,62.74465825094415,59.93009654863522,60.026641845703125,44324400
2022-11-21,58.74189042977118,59.55135812698269,58.13293552262831,59.35084533691406,27745900
2022-11-22,59.373127637116184,60.49449790589517,58.95725762095615,59.51422882080078,27105100
2022-11-23,60.10090255737305,60.42023292118818,59.36570220005123,60.10090255737305,22415800
2022-11-24,60.53162208861797,61.185132820882345,59.8632556205049,60.487060546875,12420900
2022-11-25,60.89549917599712,61.549009810392164,59.9152303915034,60.078609466552734,20477000
2022-11-28,59.85583584141747,61.14800741052298,59.0537959712952,60.37567901611328,16166300
2022-11-29,61.52674537379826,63.62838454426937,61.35594406026804,62.70752716064453,42574300
2022-11-30,63.1234112660282,64.32647126161164,62.945182044173,63.65067672729492,59932800
2022-12-01,64.17793164619115,64.42300032711316,62.92289376345859,63.99970245361328,34319300
2022-12-02,64.43043060273429,65.15820313799814,63.10112531311911,64.46013641357422,30213600
2022-12-05,65.27701699017678,66.08647897234488,64.37100972021754,64.3932876586914,21896500
2022-12-06,64.60123181008031,66.04193247115715,64.51954224687672,65.32901000976562,21335700
2022-12-07,63.79919143586897,64.17792773881267,62.276801358252236,63.004573822021484,45441000
2022-12-08,63.49470839552353,64.79430769016875,63.38331303710757,63.77690505981445,29827900
2022-12-09,65.39583809311351,66.49493033238927,65.00224604994561,65.90082550048828,37713000
2022-12-12,65.46267151618477,65.57406687007656,63.40558840049925,63.93285369873047,34995000
2022-12-13,64.26968274789952,65.12661298822228,63.80768414122528,64.20262145996094,31559400
2022-12-14,63.897097410044886,65.07444470925131,63.71080849631298,64.74657440185547,34564000
2022-12-15,65.1191582523568,65.70037880734509,64.7465803904323,64.9552230834961,24782100
2022-12-16,64.82854547570584,65.06699507074174,62.97310938667373,63.844940185546875,37762100
2022-12-19,63.33823154983767,63.77042320012792,62.77191165239136,63.61394119262695,27508500
2022-12-20,63.61395282738329,65.01484368771922,63.56923961342901,63.89710998535156,22657300
2022-12-21,64.75402775267035,65.12660558129896,63.94925827841179,64.26222229003906,39183700
2022-12-22,64.29204165057412,64.56775134378968,63.10724665490644,63.89710998535156,19429200
2022-12-23,63.54688332325048,64.4708748886581,63.39785444289316,64.32184600830078,18656500
2022-12-26,64.39635556862386,65.23093201660913,64.32929428307108,64.91051483154297,18407500
2022-12-27,65.57370444860668,66.80321254403547,65.17877282006422,66.46044158935547,26720300
2022-12-28,66.46044355852415,67.22049992662363,66.09531314558139,66.31140899658203,23314500
2022-12-29,66.3188595153566,67.02675517996887,66.1921844065459,66.22943878173828,40110800
2023-01-02,66.08040745955732,66.98949831981655,65.96863296795243,66.6169204711914,12783800
2023-01-03,66.61691592572349,67.13106945588494,66.23688495423217,66.49768829345703,25332600
2023-01-04,66.54240603848373,66.80320939550397,65.53644129912644,66.6169204711914,26395300
2023-01-05,66.66163121251901,68.31587784990289,66.3188602574438,67.73465728759766,29085600
2023-01-06,67.80917977974067,69.10574931777049,67.80917977974067,68.80768585205078,31420600
2023-01-09,68.20410765953949,69.29203441653979,67.9954649506747,68.8822021484375,19285800
2023-01-10,68.91945149685743,69.97012379922111,68.80767700095473,69.73167419433594,19821100
2023-01-11,70.03718482246985,70.40231522005215,68.74806860515326,69.48577117919922,23834100
2023-01-12,69.65716234002468,70.26818983050353,69.25477755091609,69.85089874267578,18058600
2023-01-13,69.81364662708017,70.25328580705062,69.56774385603532,69.91051483154297,16905800
2023-01-16,68.55432691289803,68.84493719174357,67.68249607636142,68.74061584472656,19563900
2023-01-17,68.93435451223951,69.47086751895316,68.42764841535293,68.65119171142578,18719500
2023-01-18,69.34418325449154,70.2160196892369,69.23241445460178,69.55282592773438,16737300
2023-01-19,69.895611953746,70.3203505058461,69.5379346906204,69.85089874267578,21712500
2023-01-20,69.97012438189743,70.46937735798846,69.67206095203709,70.03718566894531,27103900
2023-01-23,70.30544285246809,70.56624622415569,69.82109048499845,70.2681884765625,13534300
2023-01-24,70.27563554021074,71.01334381103516,69.44851221965278,71.01334381103516,17439800
2023-01-25,70.93881952852323,71.83300976901928,70.61840235390233,71.68397521972656,18282900
2023-01-26,71.90753485231983,73.0252685546875,71.8255672593392,73.0252685546875,26876000
2023-01-27,72.91347927560074,73.24134958109873,70.66311171218331,71.02823638916016,34682400
2023-01-30,71.46042892770842,71.75849232871192,70.18621343137781,70.77488708496094,23820000
2023-01-31,70.27564041941116,70.70037899039622,69.93286943976423,70.42467498779297,20658600
2023-02-01,70.93881936898882,70.93881936898882,68.2488068749874,69.64225006103516,28818100
2023-02-02,68.32332896362776,68.52451850416779,66.21453693699017,66.42317962646484,37844400
2023-02-03,66.88517326993255,67.63777638918019,66.08785694546907,66.2815933227539,22545600
2023-02-06,65.72273957621827,65.75999964041786,64.57520464202746,65.45448303222656,17888700
2023-02-07,65.26818475149595,66.08040741722354,64.82109247044957,65.88666534423828,16259700
2023-02-08,66.39337135113868,66.59456657263017,65.27563780756702,66.11021423339844,14411000
2023-02-09,66.11022161913473,66.7287022800943,65.17877689543207,65.86431884765625,19782200
2023-02-10,65.70784026502311,66.28160774350022,64.35165690353494,64.67952728271484,18099100
2023-02-13,64.0237684047169,64.91050539649187,63.56177556671874,64.61244201660156,13798500
2023-02-14,64.82854647943729,65.36505949784654,64.4783223876931,64.90306091308594,20072400
2023-02-15,64.90305836163029,66.49769105638829,64.50067361364182,66.31885528564453,28465800
2023-02-16,66.53495602557511,67.25775799558846,66.24434574475757,66.46044158935547,28740800
2023-02-17,66.76594051037735,66.87771498720605,65.23092179619381,65.5960464477539,26381400
2023-02-22,64.86580531234324,65.90901873387328,64.50812807847097,65.0968017578125,16864400
2023-02-23,64.82855034479249,65.62586677105485,63.7480767797475,64.79129028320312,21485100
2023-02-24,64.12066242793469,64.44107966714735,63.07744311293385,63.3680534362793,17183900
2023-02-27,63.010376130960644,63.62140369351875,62.33228727151724,63.3680534362793,14422200
2023-02-28,63.38294097381562,64.45596698328535,62.84642796908076,63.576683044433594,21127300
2023-03-01,65.40232247964619,66.95224791790402,65.20113291380785,66.4678955078125,30916600
2023-03-02,66.46788414708323,67.16833230303574,65.88666362835099,66.31885528564453,21740900
2023-03-03,67.1385330025996,67.28756756601517,66.17728138764656,66.54241180419922,19783400
2023-03-06,65.1489582274766,65.49918229001315,64.17280615238771,64.19515991210938,27298600
2023-03-07,64.71677112041968,65.12660902763332,63.18920535325936,63.584136962890625,20898200
2023-03-08,63.78532090387899,64.38890083110597,63.63629205164973,64.16535186767578,22274800
2023-03-09,63.43510636833549,64.44851863383616,63.204109907184666,63.32333755493164,24439300
2023-03-10,63.04017443634466,64.21752186939337,62.794271677843255,63.114688873291016,21820200
2023-03-13,62.8687822280393,64.08338385209328,62.630332655062865,63.37548828125,23460200
2023-03-14,63.2975497091995,64.23421613284454,63.1300143657997,63.952457427978516,18077900
2023-03-15,62.44465630442793,63.27471053238726,60.9977667646548,62.02581787109375,34103400
2023-03-16,61.85066012980912,62.55887401717094,61.46228327288503,62.25426483154297,20573400
2023-03-17,63.137630788618864,63.58692483400557,62.924400292061975,63.00055694580078,39906400
2023-03-20,62.99295130715408,63.960079396084865,62.29996514261518,63.518402099609375,19650900
2023-03-21,63.373705563817666,63.54124092046281,62.09435152481716,62.985328674316406,15692200
2023-03-22,62.44465592579685,63.015796071459626,62.147663514847245,62.20096969604492,18085500
2023-03-23,62.07911738464785,62.58172345066356,60.015398564664615,60.60177230834961,26000100
2023-03-24,60.685540553895,60.81499758061807,59.4671037072809,59.90878677368164,27801900
2023-03-27,60.54846701887208,60.982533259540745,59.42141467278391,59.809791564941406,14202900
2023-03-28,59.94686334143788,60.84545729393167,59.84786200984706,60.44185256958008,13866800
2023-03-29,60.91398861089065,61.561279506685736,60.79975943870633,61.30998229980469,17345200
2023-03-30,62.21618691186515,62.40656692788669,61.797354362579966,62.30757141113281,14249000
2023-03-31,62.140041756088145,62.57410799995662,60.85307668072377,61.142452239990234,22468400
2023-04-03,60.76930942369163,61.21860351698716,60.4723170342399,61.15768051147461,13510200
2023-04-04,60.89114471208536,61.05868005875935,59.2081860376607,59.42902755737305,20485600
2023-04-05,59.20818762585425,59.21580445361751,57.79937660639051,58.553279876708984,25382600
2023-04-06,58.385743716142386,59.01780678317291,58.08875134680269,58.4466667175293,13976800
2023-04-10,58.44667796593309,59.59657514618238,58.408599630253576,59.57373046875,13849000
2023-04-11,61.30236792838225,63.168089845705936,60.96729722586707,62.71879577636719,34226000
2023-04-12,63.0157903977158,63.053868727973395,61.142451585804,61.37852096557617,32702000
2023-04-13,60.92160128042558,61.47751344848158,60.13723659352996,60.548458099365234,21361900
2023-04-14,60.23623381156097,60.769301323837645,59.39856293219684,60.0153923034668,22693200
2023-04-17,60.525627597951306,61.256686287270014,58.97973672320977,59.29957962036133,21479200
2023-04-18,60.00017159698797,60.10678395013905,59.139655943715,59.809791564941406,15193400
2023-04-19,58.8655088057085,59.109195016702394,57.12923801619728,58.06591033935547,31128000
2023-04-20,57.79937823104934,58.22582763878207,56.7560935757747,56.85509490966797,31112800
2023-04-24,54.98175154831913,55.24067141597669,54.517223800115545,54.798988342285156,29754000
2023-04-25,54.22022974040842,54.22022974040842,53.08556639842781,53.3064079284668,31799200
2023-04-26,54.067932394897134,54.39538630236233,53.512020111083984,53.512020111083984,25907200
2023-04-27,53.0779474187723,54.66191058453332,52.681959532300624,54.64668273925781,31717800
2023-04-28,54.54768613817428,55.149287752601246,54.113619885984896,55.13405990600586,33277500
2023-05-02,54.29638508698522,54.52483762947873,52.78857274280413,52.95610809326172,37367900
2023-05-03,53.260722171326265,53.36733452957528,52.43827899917285,52.544891357421875,19958300
2023-05-04,52.582968405691055,52.796193116982714,50.801008242869386,50.91523742675781,35996200
2023-05-05,51.54729693717069,52.73526642267486,51.1969983916999,52.575347900390625,27107300
2023-05-08,53.83946811950915,54.18977247417756,53.19217720402896,53.28356170654297,24917600
2023-05-09,52.92564877912424,53.847087434776924,52.3012025079407,53.83185958862305,18717400
2023-05-10,53.984159399288274,54.113616421843574,52.308817504036455,52.819034576416016,24792600
2023-05-11,51.78336446528558,52.00420598152115,51.29599208805433,51.79098129272461,27709000
2023-05-12,51.70721402701998,52.21743108064056,51.334070818693874,51.84428787231445,17578100
2023-05-15,52.77334900672394,53.40540631911763,52.483967629785965,52.590579986572266,21020000
2023-05-16,52.54488405327943,52.69718574105328,51.47875480905159,51.50921630859375,23990300
2023-05-17,52.63627571521588,53.48917457872022,52.4002005141207,53.21502685546875,30913100
2023-05-18,53.215022998314325,53.550093704654444,52.63627190001075,53.29117965698242,23710600
2023-05-19,53.68716505651275,53.770932729197305,52.64388046667409,52.704803466796875,33892200
2023-05-22,52.08797832264945,52.46873838961335,51.6082169199149,51.859519958496094,18936200
2023-05-23,51.40261368669413,51.54730438439982,50.64871031273861,50.68678283691406,39413300
2023-05-24,50.09279072144847,50.09279072144847,49.361732130331475,49.53688430786133,33304700
2023-05-25,50.108026306039015,50.108026306039015,49.33127252873992,49.384578704833984,36934900
2023-05-26,50.831468068345025,51.052309600591,50.19179395558076,50.51163101196289,38181700
2023-05-29,51.28075811322098,51.5549057999452,50.06232717774498,50.13086700439453,17320700
2023-05-30,50.50400972427117,50.50400972427117,48.63828501188667,48.95050811767578,39920700
2023-05-31,48.95051042814632,49.39981030216159,48.36413961057907,48.59259796142578,103408900
2023-06-01,49.453119699597835,50.085176999591106,48.85151809242796,49.62065505981445,51982400
2023-06-02,51.78336405753511,51.93566574549425,51.30360851152055,51.737674713134766,39185700
2023-06-05,52.14128200383321,52.148898831590415,50.74008200330834,51.311222076416016,21478500
2023-06-06,51.63107110398418,52.08036522642643,51.32646186659831,51.478763580322266,31884200
2023-06-07,51.478756656558964,52.30119974390291,51.3264549633192,52.293582916259766,27377500
2023-06-09,53.05509976875184,53.154101092267254,51.973742706818975,52.05751037597656,30056800
2023-06-12,51.631061710601934,51.631061710601934,50.79338500770713,51.11322784423828,26651200
2023-06-13,52.01183082085963,52.21743871388898,51.48638003542986,51.65391540527344,34288100
2023-06-14,52.537267327295254,53.00941185620447,52.156507297188874,52.56011199951172,53775600
2023-06-15,52.62103402601864,53.039872375368255,52.057510818660234,52.97133255004883,31874100
2023-06-16,52.84949923388716,53.458711864027165,52.70480854713275,53.05510711669922,39953600
2023-06-19,53.03987495487488,53.03987495487488,52.301199544608686,52.84949493408203,14894300
2023-06-20,52.54488636479045,52.56011421026294,51.25791554971929,51.48637390136719,35748700
2023-06-21,51.075152540157305,51.28076040943856,50.808621668890034,50.96854019165039,27336800
2023-06-22,50.77054018604475,51.67675090199238,50.48878148675385,50.69438934326172,21394900
2023-06-23,50.26032824919292,50.336479099704206,49.72726648567647,50.18417739868164,23510900
2023-06-26,49.92526212260356,50.48879125003165,49.742498902595045,50.290794372558594,15030400
2023-06-27,50.9456935623435,51.235069095760714,50.603006046782475,50.89238739013672,22737400
2023-06-28,50.85431309684882,50.8847745990886,49.28558349609375,49.28558349609375,37628600
2023-06-29,49.2855863263401,50.20702503474193,49.003821771894785,49.88718795776367,24841800
2023-06-30,50.03947885503273,50.30600969492152,48.904815673828125,48.904815673828125,42992000
2023-07-03,49.27796441794135,50.64108607875751,49.22465824394015,50.43547821044922,22738400
2023-07-04,50.13848224042489,50.6106268094948,50.10802654817036,50.18417739868164,12573200
2023-07-05,49.963326538601244,50.15370653431,49.5064157108875,49.74248504638672,27363600
2023-07-06,49.285583180641424,49.94810196781939,49.07235847626519,49.384578704833984,18579200
2023-07-07,49.10282313634416,49.95572200870306,48.97336029184298,49.8491096496582,57287600
2023-07-10,49.11804695072176,49.64349768425827,48.98858992678699,49.08758544921875,36698500
2023-07-11,49.55973092559549,51.02946499319945,49.407423415259295,50.70201110839844,35550200
2023-07-12,51.783366851084466,51.84428985352951,51.02184675033322,51.0599250793457,22864300
2023-07-13,51.95090191426112,52.392584964628305,51.722443561329875,52.247894287109375,24187200
2023-07-14,52.689577337476564,52.76572818514123,51.981363415314426,52.247894287109375,20342500
2023-07-17,52.034672082273055,52.034672082273055,51.04469358539807,51.66913986206055,15322300
2023-07-18,51.577757609799605,51.98897334053419,51.2350700876046,51.34168243408203,16950600
2023-07-19,51.39498510971232,51.76051727985716,50.991380424094885,51.20460510253906,14512600
2023-07-20,51.89759308266343,52.15650711345392,51.28837471266456,51.3188362121582,20992700
2023-07-21,51.3569214608942,51.91282792425153,51.00662288440955,51.63106918334961,24852700
2023-07-24,51.554911170048534,53.55009602904618,51.41022629416113,53.19218063354492,30616400
2023-07-25,54.6009838607931,55.33204820278957,54.54006667390736,54.837059020996094,31556700
2023-07-26,54.639065911651485,55.01982595284767,53.877545829259134,54.64668273925781,19066400
2023-07-27,54.2202244777141,54.2506859764805,53.37493676924114,53.62623977661133,28254500
2023-07-28,53.32163474357315,53.32163474357315,51.50160217285156,51.50160217285156,45938800
2023-07-31,51.78336668527315,53.062720682836215,51.66152068077321,52.66673278808594,26065700
2023-08-01,52.369731327090435,52.400192826309016,51.70721260138124,51.935665130615234,30015700
2023-08-02,51.585370858041756,51.600604513875616,50.94569675151716,51.09038162231445,29547300
2023-08-03,50.9076150693088,51.699596632328436,50.6334673817275,51.410221099853516,35512300
2023-08-04,51.17414789515,52.03466931808737,51.1436922041929,51.44829559326172,22954300
2023-08-07,51.516830535694965,51.912818389882,50.93045686649473,51.707210540771484,23057700
2023-08-08,51.014223644156836,51.89758964108118,50.328854475842526,51.37213897705078,43405600
2023-08-09,51.37213952092498,51.71482701367844,50.740076514013694,50.90761184692383,21859000
2023-08-10,50.877155079065204,51.15891960242152,50.21463632270155,50.30601501464844,28372300
2023-08-11,50.40502190570182,50.54970678722752,49.67396323977817,49.88718795776367,42335100
2023-08-14,49.407440405542204,49.454511131116575,48.56018829345703,48.56018829345703,41056900
2023-08-15,48.59941582765921,48.60725945283736,47.963974454346186,48.08164978027344,28611000
2023-08-16,48.16009590086943,48.58372346459179,47.85414365793918,47.893367767333984,30508600
2023-08-17,49.10148370051645,49.274073352635206,48.418974701167286,48.56802749633789,39481200
2023-08-18,48.01104315613581,48.70139885437154,47.86983396802833,48.0267333984375,34201900
2023-08-21,48.23854478130273,48.43466831140744,47.869831587071445,48.0894889831543,17695300
2023-08-22,48.670019429626294,49.31330441496539,48.66217281200071,49.09364700317383,30995800
2023-08-23,49.61925278105586,49.94873887295275,49.45450973510742,49.45450973510742,19128500
2023-08-24,49.17993264873676,49.17993264873676,48.50527025577272,48.7955322265625,17821500
2023-08-25,49.16424538792195,49.250540220507816,48.56018754503611,48.69355010986328,11395300
2023-08-28,48.97596939913185,49.63494459642974,48.85045045643738,49.39175033569336,14173600
2023-08-29,49.72124014773594,51.01565370182705,49.60356482799689,50.96858596801758,28625700
2023-08-30,51.15686693233282,51.67463598602724,50.78031306166039,50.976436614990234,21812600
2023-08-31,51.439282517222374,51.90997782245132,51.05488204956055,51.05488204956055,31011100
2023-09-01,52.31791565515625,54.130095187467816,52.27084193722078,54.043800354003906,57288600
2023-09-04,54.3497481749068,54.95381196011518,54.035949350077814,54.44388961791992,22397800
2023-09-05,54.12224703909466,54.53018732851298,53.80060756591394,54.20854187011719,19253500
2023-09-06,54.24777322356814,54.59294658950979,53.25146227280641,53.3377571105957,28466500
2023-09-08,52.325760102206814,52.43558881003845,51.96489349287206,52.3336067199707,19989200
2023-09-11,53.42404840946871,53.48680937556089,52.98473361725377,53.08671569824219,19493800
2023-09-12,53.34561009147036,53.54958027650419,52.90629521775099,53.04750442504883,14201300
2023-09-13,53.08672002948837,53.17301486860196,52.67878568703691,52.843528747558594,15448400
2023-09-14,54.36545064983075,55.44805049505101,54.1693270991246,55.00873565673828,62390300
2023-09-15,55.699086985080335,55.87952328063955,54.55372619628906,54.55372619628906,37901700
2023-09-18,54.55372349632015,54.953817185652234,53.77707596955874,53.910438537597656,21849000
2023-09-19,53.871215273595865,54.32622334601427,53.51034865984823,54.01242446899414,43870300
2023-09-20,54.34974952119792,54.73414994889762,54.16147261572265,54.37328338623047,14372200
2023-09-21,53.5809554410969,53.70647139888024,52.9533576965332,52.9533576965332,21686000
2023-09-22,53.65155235597408,54.02811216684409,53.290685779215195,53.34560012817383,17063700
2023-09-25,52.56895612172974,52.58464337166898,51.59617903946188,52.247310638427734,34715000
2023-09-26,51.54126715652882,51.980587983680216,51.28238861622583,51.43143844604492,24178800
2023-09-27,51.85506243931,51.92567002555956,51.23531133874347,51.541263580322266,17109300
2023-09-28,51.862907409235994,52.59248718949,51.745232092701755,52.32575607299805,26072300
2023-09-29,52.80430031972136,53.07103144807704,52.592489528710935,53.016117095947266,19018000
2023-10-02,53.01611545849116,53.12594415935854,52.263001801736856,52.553260803222656,11175900
2023-10-03,51.83937750829687,52.52973024077455,51.83153089053699,52.231624603271484,15268800
2023-10-04,52.09041397773201,52.388519607040294,51.40790189656046,51.67463302612305,14377000
2023-10-05,51.674635839553616,52.1296379332251,51.509892773449415,51.69816970825195,11556300
2023-10-06,51.690322172336835,52.91413120464407,51.63540781794397,52.4512825012207,22711400
2023-10-09,51.564802076266155,52.0747184753418,51.29807095831688,52.0747184753418,14392200
2023-10-10,52.60817286458922,52.92981832114502,52.32575450744292,52.38851547241211,18261700
2023-10-11,52.41205455199063,52.89844310106582,52.31791908038718,52.843528747558594,13659400
2023-10-13,52.71799802845819,52.7964522220206,52.137474104427184,52.23945617675781,16302700
2023-10-16,52.87491123707652,53.14948301501868,52.70232155230834,52.79646301269531,13103300
2023-10-17,52.56110554820602,53.38482676058484,52.239460089112264,53.22792434692383,24031000
2023-10-18,52.74938684731718,52.796460567938844,51.25100607980673,51.274539947509766,34907300
2023-10-19,51.22747189249556,51.502043656010535,50.537113189697266,50.537113189697266,22855500
2023-10-20,49.67416820345364,49.79184352030764,48.63863618852589,49.17209243774414,58015100
2023-10-23,48.94458778175709,49.36821532576766,48.72493038528091,49.07795333862305,17595000
2023-10-24,50.20762313486555,50.419433911471124,49.87029042751957,50.19977951049805,21768800
2023-10-25,50.75677166807282,51.133331512538916,50.01150458211194,50.152713775634766,26091800
2023-10-26,50.050726180137936,51.2823847490501,49.90167336895092,51.22747039794922,30936700
2023-10-27,51.360830025097016,53.15732224423147,50.764612829284594,53.00826644897461,47989100
2023-10-30,53.65940609308234,54.043806586798766,53.376987693759595,53.48681640625,26604100
2023-10-31,53.16516974272309,54.31837718394978,53.00827329550436,54.13010025024414,20961400
2023-11-01,54.3340646702262,55.4637321381356,54.32621805313084,55.165626525878906,31543500
2023-11-03,55.895210837576826,56.17762922378394,55.644172937083354,55.85598373413086,28599600
2023-11-06,55.855984642558695,56.32668595070303,55.855984642558695,56.09133529663086,19096300
2023-11-07,55.56572276204591,55.77753355164741,54.31837393594459,54.977352142333984,37073000
2023-11-08,55.008726598842784,55.58925053748182,54.7733759826626,55.01656723022461,21047900
2023-11-09,55.306843806040376,55.80891963978857,55.087186376927555,55.28330993652344,16542700
2023-11-10,56.01287888937675,56.27176337398617,55.620631846713344,56.13055419921875,22200500
2023-11-13,56.48357751491392,56.867977963807924,55.64416903292033,56.012882232666016,14410500
2023-11-14,56.49926752024353,58.287919256385024,56.40513205033092,57.74661636352539,52233600
2023-11-16,57.34651785816818,58.3192888721638,57.27591626164637,58.131011962890625,31235400
2023-11-17,58.23300790850619,58.56249404063184,58.13101983055122,58.240848541259766,24538600
2023-11-20,59.46465690066504,60.131475707983384,59.174391920559685,59.66862106323242,28810100
2023-11-21,60.633541619076,61.622005729081025,60.288362345852036,61.112083435058594,45317800
2023-11-22,61.33987730371428,61.51779224314834,60.01361015324724,60.53117752075195,33715300
2023-11-23,60.142998530576214,60.345173454300216,59.90847487866969,60.15108108520508,10279200
2023-11-24,60.248126324152544,60.248126324152544,59.3585579077066,59.6416015625,16667000
2023-11-27,59.390905321348995,59.730557699586214,58.95420676223451,59.285770416259766,17312300
2023-11-28,58.452817884535435,59.65777880387919,58.3557778617013,59.4151725769043,22019000
2023-11-29,59.68204429552877,59.84378177832521,58.80055835558658,59.39899444580078,15853100
2023-11-30,59.85186806140051,60.19960918812511,59.6173444019919,59.72247314453125,29712900
2023-12-01,60.43413360430501,61.04065840247395,60.183432492203785,60.83039474487305,25025200
2023-12-04,60.037871645853855,60.24813532219847,59.06743435023076,59.46369552612305,22402300
2023-12-05,59.22108625583781,59.33430372886896,58.654992720792514,58.91377639770508,25179500
2023-12-06,59.439432761864964,59.779085182587835,58.32342930667999,58.525604248046875,20503900
2023-12-07,58.78438744396177,59.09977985631562,58.56603505393863,58.71160125732422,17535800
2023-12-08,59.115946814668376,59.24534172816839,58.4932507606445,58.87334060668945,16083200
2023-12-11,58.29108251968639,59.229171070571496,58.0322988329019,58.92186737060547,15443400
2023-12-12,59.52029629046704,59.722471214123445,58.71159659584143,59.0269889831543,11036300
2023-12-13,58.63073388191118,59.29386745281445,58.477078949787,59.03508377075195,25288200
2023-12-14,59.843784927996296,60.05404860260975,59.32621755193994,59.35856628417969,29454300
2023-12-15,59.89230924976971,60.08640165717025,59.44752803172987,59.73057174682617,23279500
2023-12-18,59.892297023060486,60.59586797400394,59.609253365746106,60.01360321044922,16333400
2023-12-19,60.40987307480761,60.725265505736864,60.143006827791226,60.434139251708984,21763700
2023-12-20,60.43414367962385,60.984059835105576,60.24005126953124,60.24005126953125,14147900
2023-12-21,61.01638991337493,62.31031436963249,60.91126117350686,62.2456169128418,24202600
2023-12-22,62.37501311802763,63.24032165397457,61.69570825013201,61.77657699584961,26277000
2023-12-26,62.39927633191594,62.633793832395114,61.994926452636726,61.99492645263672,12149500
2023-12-27,62.1485773649991,62.71467091754171,62.1485773649991,62.59336471557617,13821200
2023-12-28,62.269880256055146,62.641881397717576,62.067705320158865,62.431617736816406,16545800
2024-01-02,62.75509915221502,63.22414648639044,61.938310679928776,62.31031799316406,18021800
2024-01-03,62.03535930680898,62.18901423918394,61.33987700327662,61.986839294433594,25315100
2024-01-04,61.8089220808164,61.978748287768994,60.94361359593067,61.15387725830078,18707000
2024-01-05,60.67674185828029,60.692919308579135,59.94082828680981,60.36943817138672,21082500
2024-01-08,59.79526753370261,60.2966574806558,59.447526359256,60.0621337890625,23013300
2024-01-09,59.92464843605318,59.97317461511636,59.15638616464951,59.30195236206055,15257400
2024-01-10,58.86525390624729,58.86525390624729,58.18594292679176,58.412384033203125,21354600
2024-01-11,58.59029730231117,58.96230463511744,58.10507866241527,58.71969223022461,20289100
2024-01-12,58.388121377897384,58.79247126602657,57.935251477557394,57.97568893432617,16343400
2024-01-15,57.595596325179926,57.983768744265966,57.17506900629913,57.86246871948242,12745700
2024-01-16,57.90290056106885,58.05655548712423,56.81924586332299,57.11037826538086,22620300
2024-01-17,56.827326695118636,56.980981616514285,55.80028076392519,56.08332443237305,43086400
2024-01-18,56.77071873539219,56.93246238377406,55.8002815246582,55.8002815246582,30490600
2024-01-19,56.20463344567552,56.212722170862676,55.032021259009326,55.072452545166016,60583000
2024-01-22,54.58723683372489,54.97541545484959,54.271844403387895,54.82984924316406,23318900
2024-01-23,55.75984213328831,56.42297564389695,55.35549228121257,55.96201705932617,33886800
2024-01-24,56.851591619502585,57.28020147514138,56.40680431465718,56.52811050415039,36922100
2024-01-25,56.60898312525199,56.94055298796115,54.47401625526222,55.137149810791016,47637000
2024-01-26,54.91071718514281,56.455330581611975,54.587236033926764,56.20463562011719,27397200
2024-01-29,56.19654306879111,56.19654306879111,55.17758584118176,55.93775939941406,15866100
2024-01-30,56.12376392541713,56.28550140758077,54.90262557444645,55.62236785888672,34371300
2024-01-31,55.07245174914792,55.46063034395656,54.79749679565429,54.7974967956543,34753400
2024-02-01,54.88645730907878,55.209932291174425,54.304192469482956,54.54679870605469,21060300
2024-02-02,54.393150754301836,54.4012333100523,53.301407248671,53.43888473510742,32589900
2024-02-05,53.29331293031328,53.53591914505501,52.84852561511958,52.97792053222656,24103300
2024-02-06,53.4307931856539,54.11010419607392,53.19626951359755,53.916011810302734,27505600
2024-02-07,54.037312331083086,54.231398526571525,53.77852868046887,54.021141052246094,19863400
2024-02-08,54.5791448639721,54.5791448639721,53.349923948272405,53.544010162353516,25812100
2024-02-09,53.455056417024885,53.851317597912455,52.87279156435502,53.30949020385742,18534800
2024-02-14,53.36609325130971,53.48739944432426,52.977920837530256,53.14774703979492,12497900
2024-02-15,52.969831807435064,53.26905292582803,52.59783067558635,52.97792053222656,17360200
2024-02-16,53.77043892830775,55.250360794105184,53.64913274473785,54.9915771484375,40947100
2024-02-19,54.21523489972729,54.66001608424386,53.891753748330835,54.57914733886719,12571600
2024-02-20,53.495492104190056,53.66531831894682,52.71914104963497,53.38227462768555,44417200
2024-02-21,53.06687882330715,53.883661113205186,53.05070137347173,53.78662109375,20362800
2024-02-22,54.05349561631176,54.82985291048823,54.02115305145383,54.36080551147461,35910500
2024-02-23,55.193763487740824,55.85689710262943,54.37697493053617,54.49019241333008,42133700
2024-02-26,53.81088205671315,53.81897078177488,52.92939612166796,53.1720085144043,33864400
2024-02-27,53.77853549437694,54.724712758391696,53.66531801850626,54.57106399536133,28141800
2024-02-28,54.02114428221756,54.36079668710267,53.64105442298882,53.972618103027344,20331500
2024-02-29,53.81896955735016,54.57106055385478,53.77044337797324,54.1747932434082,20717000
2024-03-01,54.09392704312843,54.23140452305522,53.67340587809073,54.085838317871094,22423300
2024-03-04,54.14244734159513,54.34462228487202,53.68957744301958,53.96453857421875,13148000
2024-03-05,53.37418247588862,53.608706139275455,53.05070134811749,53.25287628173828,24436500
2024-03-06,53.55209540514003,54.247577644418925,53.51165795196999,53.98070526123047,33510700
2024-03-07,54.554880304936766,54.716623944745415,53.74618061556049,53.794700622558594,19036200
2024-03-08,53.535923391576105,54.16671440767373,53.293317157590614,53.38227462768555,23188200
2024-03-11,52.38757129316092,52.38757129316092,51.5303514920214,51.72443771362305,58622400
2024-03-12,52.686362349737166,52.86378518086849,51.250075381898526,51.40215301513672,44680100
2024-03-13,51.199383387628004,51.86683488546813,50.93747440658326,51.73165512084961,32769200
2024-03-14,51.621824969508395,51.65562071928811,50.83609151330041,51.07265853881836,30085800
2024-03-15,50.77694627628944,50.895231390533354,50.15174107284216,50.489688873291016,57064200
2024-03-18,51.10645576857102,51.53734031044995,50.70091320535061,51.45285415649414,21371000
2024-03-19,52.15409296037807,52.42445249309986,51.79079673398195,51.87528610229492,16888900
2024-03-20,51.883736271001894,52.23013464271883,51.46974640093042,52.22168731689453,18210000
2024-03-21,52.745509119953574,52.91448464476622,52.03581449409252,52.09495544433594,18445500
2024-03-22,51.95977456547657,52.01046818872568,51.47819642490004,51.495094299316406,11058400
2024-03-25,51.55423706281552,51.80769874210194,51.241634432460266,51.38526153564453,10478200
2024-03-26,50.95437219544267,51.131795031908744,50.34606164419922,50.734703063964844,27142700
2024-03-27,50.523491495561665,51.258531365077026,50.43055479033576,51.19939041137695,23927000
2024-03-28,51.2162850173747,51.613377015101285,50.751604743851715,51.39371109008789,18467000
2024-04-01,52.0442554792011,52.29772034700922,51.53733218946421,51.72320556640625,16740100
2024-04-02,51.8499381424823,52.77930186456945,51.79079719560601,52.33151626586914,22583000
2024-04-03,51.84993793370113,52.078054394851065,51.15714122484865,51.5795783996582,22319900
2024-04-04,51.45284383898093,51.78234428545222,50.836082791606,51.00505828857422,22990500
2024-04-05,50.92902687185085,51.098002393357206,50.36296258118557,50.44744873046875,15379000
2024-04-08,51.62182286788317,53.336920035567935,51.36836120073437,53.20174026489258,40281300
2024-04-09,53.759355333055346,53.9621233704745,52.390656577246745,52.84688949584961,37026100
2024-04-10,52.661019222807674,52.762403241306956,51.90063102671345,52.04425811767578,21206800
2024-04-11,52.204790323825215,52.475149875928544,51.81614887054419,52.26393127441406,16338700
2024-04-12,53.05811210468957,53.54814080766548,51.88373719485846,52.069610595703125,25740900
2024-04-15,52.63567303222316,53.10035329489433,52.348415615181715,52.37376403808594,28567300
2024-04-16,51.64717530692162,52.04426410125577,51.28387904067917,51.90908432006836,29973800
2024-04-17,53.26088066342414,53.624176897665826,52.34841480357808,52.47514724731445,34220700
2024-04-18,52.965176500056884,52.990524924385646,52.30617548043194,52.669471740722656,19932500
2024-04-19,52.584983947310135,53.69176734596002,52.458251498439665,53.53124237060547,32882400
2024-04-22,53.25242882593789,53.71711229309674,52.63567094209233,53.50589370727539,27171200
2024-04-23,52.93982996332054,53.303126214447516,52.390660312191834,53.04121398925781,23160500
2024-04-24,53.700218200683594,54.14799737987383,53.353819824463145,53.700218200683594,25212800
2024-04-25,52.95672615633065,53.260881447423166,52.30617249992499,52.568084716796875,27231000
2024-04-26,52.568084716796875,52.568084716796875,52.568084716796875,52.568084716796875,0
2024-04-29,53.125696552152,54.029711789628685,53.058105061566245,53.98746871948242,18487200
2024-04-30,53.64952214724357,53.85229341282279,53.16794401730036,53.47209930419922,15597400
2024-05-02,53.81850146135818,54.28318175003897,53.41296212453094,54.004371643066406,17852900
2024-05-03,54.21558148673733,54.426800058631315,53.52278482876022,54.063507080078125,23681200
2024-05-06,54.25783291861975,54.66336900537507,54.02971645261493,54.224037170410156,13423600
2024-05-07,54.70561592768969,55.068912167747385,54.32542503627394,54.561988830566406,21315200
2024-05-08,53.77624969338471,54.26627832718979,53.72555607587189,54.063507080078125,18245800
2024-05-09,53.987471898386204,54.8576914418105,53.88608465653766,54.502845764160156,19672800
2024-05-10,54.7056160810166,54.87458837859053,54.20714329105752,54.31697463989258,13705000
2024-05-13,54.663372392419774,54.95908359610653,54.40146338491693,54.63802719116211,14504100
2024-05-14,54.4690524241628,54.705616219718074,54.08885508483753,54.60422897338867,13313500
2024-05-15,54.45215061512493,54.612678808244986,53.6157267929497,54.44370651245117,21292100
2024-05-16,54.899942190085405,55.060463945348545,54.41836403253554,54.84080123901367,16647700
2024-05-17,55.12805063379425,56.05741111775508,55.060459139645914,55.91378402709961,32338800
2024-05-20,55.87998863017538,56.2686300551441,55.52514295249261,55.8884391784668,22222300
2024-05-21,56.395364431405945,56.69106917295643,55.67722250310335,55.72791290283203,23042800
2024-05-22,55.76170944132875,56.05741418706888,54.984426553703244,55.28858184814453,17404000
2024-05-23,55.10270683674091,55.254784479503606,54.56198776155794,54.95907974243164,16445800
2024-05-24,54.91683690563583,55.47445711285403,54.832350753418595,54.98442840576172,11731900
2024-05-27,54.84080282978618,55.17030334472656,54.67182407476521,55.17030334472656,5119400
2024-05-28,55.15339783828123,55.161848386826996,53.52279004646365,53.97902297973633,22173900
2024-05-29,53.59882763843717,53.84384197360134,53.20173888527924,53.42985534667969,16496900
2024-05-31,53.13414872808097,53.60727953655849,53.04966258007497,53.396060943603516,23383600
2024-06-03,53.09190619450832,53.100353520218924,52.12029936784936,52.272377014160156,18846500
2024-06-04,51.86683771332592,51.875288261978966,51.283875550925785,51.740108489990234,19865100
2024-06-05,51.621816113009615,51.68940760097272,50.95436789554143,51.00505828857422,18000800
2024-06-06,51.343020048429494,51.816150894561574,50.9966216573325,51.71476364135742,17888300
2024-06-07,51.275427944561976,51.42750559964332,50.92058223133229,51.03886413574219,14822100
2024-06-10,51.199389308716356,51.7992526050899,51.03041700060681,51.59648132324219,14762900
2024-06-11,51.03040990656332,51.57112895240171,50.447444566630274,51.52043533325195,24588400
2024-06-12,51.672517502798556,51.91753184911642,50.61642451653883,50.81074523925781,21969600
2024-06-13,50.962823342993076,51.579581265733054,50.878337192512554,51.39371109008789,13692600
2024-06-14,51.410602603464056,51.435951025412855,50.91212661100237,51.21628189086914,12282100
2024-06-17,50.726258057078546,51.072656420603735,50.55728253812822,51.01351547241211,13976100
2024-06-18,50.98816409360972,51.43594967630862,50.878332752158464,51.25007629394531,12239900
2024-06-19,51.123345163555214,51.604926504986764,51.00506327100496,51.41060256958008,8744100
2024-06-20,51.57957814760932,52.06115626670373,51.38525743489928,51.87528610229492,19497200
2024-06-21,51.56268339104894,51.841493488926766,51.317672265479395,51.39371109008789,39134100
2024-06-24,51.08955789319182,51.60493181196674,51.03041694083471,51.45285415649414,13669000
2024-06-25,51.52888796176657,51.57113103462709,50.929024724563654,51.24163055419922,13962500
2024-06-26,51.59647602127191,52.02736374231841,51.46129625491102,51.87528610229492,17096700
2024-06-27,51.91753083265517,52.010467529296875,51.41905482398233,52.010467529296875,13755300
2024-06-28,52.111851780158105,52.84689158500503,52.078056031605605,52.568084716796875,22429400
2024-07-01,52.98207119316964,53.50589562530081,52.88913449640637,53.345367431640625,20236800
2024-07-02,53.294678310067546,53.514344234370796,52.77085386537356,53.167945861816406,24335300
2024-07-03,53.6157265943973,54.78165090116869,53.60727926881487,54.224037170410156,29884200
2024-07-04,54.61267911260391,54.66336951244857,53.92833293118118,53.953678131103516,7984300
2024-07-05,53.48054712196069,53.94522738213734,53.38761042533737,53.7340087890625,13138400
2024-07-08,53.29467837685384,53.4298581511191,52.94827678092532,53.31157302856445,18662500
2024-07-09,53.20174114767636,53.42140707006627,52.982072002346435,53.24398422241211,9794400
2024-07-10,52.94827412080327,53.015865616010124,52.24703008420151,52.52583694458008,17384000
2024-07-11,52.737057702110434,52.96517417340766,52.247032233462335,52.39065933227539,13413600
2024-07-12,52.44134682202975,53.159488677978516,52.3484101346374,53.159488677978516,13141700
2024-07-15,53.0581111766068,53.37916434801176,52.73705800520184,53.2186393737793,10198000
2024-07-16,52.62722643723109,52.66946951207134,51.8499403238223,52.6610221862793,22363900
2024-07-17,52.280828378523125,52.39911027795702,52.027366705030495,52.17099380493164,23145000
2024-07-18,52.12875104651256,52.30617389674121,51.58803194699283,51.680965423583984,20625500
2024-07-19,51.70631296381975,51.85839061082916,51.06420662690446,51.63872146606445,20553900
2024-07-22,51.63871934629635,51.76545178791517,51.30921886561528,51.5795783996582,13095200
2024-07-23,51.19938621851689,51.19938621851689,50.692462878903854,50.886783599853516,22512000
2024-07-24,50.912132969287924,51.326122868128685,50.869889891350766,51.19939041137695,17817300
2024-07-25,51.11489698805811,51.69785911576276,50.91212573067313,51.17403793334961,17959500
2024-07-26,51.91753129434878,52.16254563804853,51.54578450447606,51.93442916870117,72721200
2024-07-29,52.120300114090796,52.21323681293803,51.664070391566256,52.027366638183594,28005900
2024-07-30,51.56268406762339,51.63027556724674,50.861439985201585,50.87833786010742,28562300
2024-07-31,51.46129999144065,52.11185367145689,51.33456754123927,52.069610595703125,34433100
2024-08-01,52.255480462451914,52.27237833724082,50.87833750802692,50.903682708740234,40469400
2024-08-02,51.23318004870063,51.41060288862708,50.15174191245572,50.19398498535156,35296000
2024-08-05,49.312816105331414,50.25861156396938,48.95376359981616,49.93458938598633,24635900
2024-08-06,49.68938617208983,50.372460888545994,49.30405923199574,50.18855667114258,23930200
2024-08-07,50.18855585454991,50.433761473764854,49.93459098283386,50.09222412109375,19243400
2024-08-08,49.94334633228569,50.354944337626954,49.759442119945284,49.78571319580078,14584800
2024-08-09,50.022165720346685,50.05719605057937,49.47920896444476,49.96962356567383,21989300
2024-08-12,50.00464813928432,50.013407391757376,49.49672173815525,49.71565628051758,18421500
2024-08-13,49.90831734923604,49.90831734923604,49.49671936035156,49.49671936035156,26100900
2024-08-14,49.00630954402368,49.12015644697827,48.585955603125385,49.04133987426758,51693500
2024-08-15,48.95376782917156,49.35660660856732,48.76986026407681,49.242759704589844,28153700
2024-08-16,48.997549895278084,49.12015270110595,48.62973813711857,49.11139678955078,44280200
2024-08-19,49.49672406060719,50.372462271147285,49.35660608054782,49.89956283569336,28349600
2024-08-20,50.24985725935365,50.433761473764854,49.75068676842265,50.09222412109375,19475800
2024-08-21,51.011748122668365,51.28322815652248,50.880386061618566,51.05553436279297,23200300
2024-08-22,51.002992283978514,51.12559509277344,50.66145159289496,51.12559509277344,17719100
2024-08-23,51.02050027708777,51.12559125445872,50.136006265274574,50.26736831665039,24018700
2024-08-26,51.230680266659505,51.27446650473516,50.83659744262695,50.83659744262695,17168700
2024-08-27,52.28157195471717,52.666895565576205,51.747371110580595,52.369144439697266,35232600
2024-08-28,51.992576599121094,52.10642350182533,51.38831843678536,51.992576599121094,21280300
2024-08-29,52.02760615024086,52.51802074320518,51.75612610652695,51.9312744140625,19175500
2024-08-30,51.773637261266785,52.30783805456992,51.73861027501354,52.17647933959961,36685200
2024-09-02,51.510921883505155,51.56346737939995,51.16062525889221,51.44086456298828,13155000
2024-09-03,50.749025913471485,50.749025913471485,49.452933866326745,49.52299118041992,29504400
2024-09-04,49.65435650139889,50.30240089722724,49.45293711671299,49.908321380615234,19501800
2024-09-05,49.8207400145132,50.47754359004082,49.68062205202767,50.26736831665039,16585500
2024-09-06,50.35494973793137,50.37246490393877,49.54927214564911,49.636844635009766,17917900
2024-09-09,50.013412352477964,50.214831750548534,49.6280853816679,49.636844635009766,10204400
2024-09-10,49.776960106008644,49.82950560137449,48.98003846667884,49.04133987426758,17580600
2024-09-11,49.68938924311391,50.48631090845807,49.66311482423521,50.43376541137695,25592400
2024-09-12,50.8803894591428,51.26571641559178,50.75778664233674,50.8891487121582,17929800
2024-09-13,50.88038577268728,51.668551453158386,50.81908436872575,51.230682373046875,15045100
2024-09-16,51.169380969085346,51.27446861292283,50.86287394927767,51.230682373046875,10548000
2024-09-17,51.11683999344158,51.27447314346405,50.70524529342848,50.98548126220703,12056600
2024-09-18,50.43376274304435,50.94168915858356,50.3111599303513,50.389976501464844,14429800
2024-09-19,51.2919871199403,51.537192751767606,50.94169049675028,50.99423599243164,19328400
2024-09-20,50.53885333897694,50.93293621753211,49.87329374238756,50.22358703613281,30842600
2024-09-23,49.99589434828344,50.67021316824472,49.56678115715312,50.38121795654297,18164700
2024-09-24,52.72819411877302,53.19233761793449,52.229023631921386,52.842041015625,44910100
2024-09-25,53.174822944495446,53.63896310726443,52.912098820000686,53.0784912109375,21557700
2024-09-26,54.82121251286768,56.38002551176607,54.68985378121321,56.26618194580078,61449300
2024-09-27,56.66026291890102,56.95801740249485,55.32038444611055,56.0122184753418,37237900
2024-09-30,57.20322094464961,57.20322094464961,55.618133544921875,55.618133544921875,28980300
2024-10-01,55.60937434063179,56.26617797457626,55.30286731439478,55.889610290527344,18091500
2024-10-02,56.41505194609986,57.229488720667675,56.02097243768243,56.19611740112305,20310600
2024-10-03,55.72321897625306,55.87209285704336,54.672332536484426,55.11895751953125,26675400
2024-10-04,55.1014452742819,55.18026184495603,54.558488532235735,54.716121673583984,16268300
2024-10-07,55.08393323554063,55.81955344540594,54.68109113106777,55.197776794433594,22467400
2024-10-08,53.25364306772337,53.52511978149414,53.11352508429051,53.52511978149414,38028100
2024-10-09,53.13103344913848,53.47257414339829,52.76322501933318,53.3849983215332,22758400
2024-10-10,53.81411391762204,53.81411391762204,53.20109649969607,53.63896560668945,17192100
2024-10-11,53.4112735630451,54.53221737481624,53.40251431038534,54.40961456298828,20939400
2024-10-14,54.57600775217209,54.7511560712041,53.709028751011935,54.23447036743164,44954000
2024-10-15,53.50760727939528,53.59518311132267,53.04346706254752,53.56890869140625,25559300
2024-10-16,54.23446478968231,54.628547631805766,53.92795776840628,54.5935173034668,29731800
2024-10-17,53.43754410870544,53.700264894394344,53.10476266513894,53.2098503112793,20345200
2024-10-18,53.5864194867124,53.83162845543083,52.94713099883345,53.02594757080078,21823500
2024-10-21,53.726536293981276,53.75281071118147,52.780740791676074,52.83328628540039,19044900
2024-10-22,52.67565654257453,53.122281575673064,52.456721982282325,52.90334701538086,14814000
2024-10-23,52.44796277639458,52.45672202959288,51.7999183481239,51.97506332397461,18289900
2024-10-24,51.96630794442088,52.28157424926758,51.85246103640929,52.28157424926758,11331700
2024-10-25,53.04346610980125,54.70737013909483,52.99967986496223,54.059322357177734,38466000
2024-10-28,54.73364004194468,55.06642150878906,54.46215998469318,55.06642150878906,16572400
2024-10-29,55.390445939694295,55.55683500943881,54.865004310529024,54.87376022338867,14941700
2024-10-30,54.73363420406377,54.900023249400796,54.400852772713804,54.70736312866211,12263300
2024-10-31,54.593521829978506,54.81245638923561,54.12062238022086,54.34831619262695,16553300
2024-11-01,54.418368474824234,54.681089253467285,54.11186145652,54.32203674316406,15236400
2024-11-04,54.646064765794776,55.05765944624843,54.400855799258956,54.882511138916016,12360000
2024-11-05,55.127720327182836,55.26783830547712,54.26073803977212,54.400856018066406,16368800
2024-11-06,53.68274652760887,53.97174171310057,53.19233531442416,53.78783416748047,19726800
2024-11-07,54.31328479453845,56.0384901566136,54.29576962926077,55.661922454833984,38173300
2024-11-08,54.28701669427044,54.339558852308905,52.28157525911863,53.096012115478516,48764700
2024-11-11,52.3253559440917,52.43044358967799,51.36204528808594,51.36204528808594,24483700
2024-11-12,51.30074725971442,51.30950317214125,50.092227563561295,50.19731521606445,26967600
2024-11-13,50.197311729935485,50.54760833485341,50.013407515657775,50.057193756103516,20354900
2024-11-14,50.05719441693967,50.21482755716615,49.77695846557617,49.77695846557617,17967600
2024-11-18,49.9958924735226,50.60015061077288,49.890804828060816,50.39873123168945,14300000
2024-11-19,50.61766852274816,50.77530166983546,50.31991739388062,50.51258087158203,12902100
2024-11-21,50.35494957641434,50.617670384329934,50.10098468113619,50.46003723144531,15428500
2024-11-22,50.30239936574522,51.029263651577544,50.136010315812086,50.95044708251953,12590500
2024-11-25,50.950451605565625,51.28323307565005,50.89790610797031,50.94169235229492,17444500
2024-11-26,51.04677932082544,51.2219276249842,50.048438329999385,50.293643951416016,21406600
2024-11-27,50.678971984460446,51.1606273575541,50.44252225424873,50.90666580200195,22121200
2024-11-28,50.7052434982709,51.49340587980305,50.153527492725104,50.38121795654297,20467000
2024-11-29,51.011750929207835,51.85245881228744,50.92417844414061,51.47589111328125,31023600
2024-12-02,51.53719026370379,52.00133376812452,51.397072289327504,51.59849166870117,18972100
2024-12-03,51.93127534709485,51.98382084250241,51.20441436767578,51.20441436767578,15957500
2024-12-04,51.14311338922297,51.21317070967813,49.88204821426809,50.20607376098633,25109200
2024-12-05,50.31991702516966,50.61766815185547,49.80323134476416,50.61766815185547,14160000
2024-12-06,50.32867756315593,50.49506662558793,49.698144963327266,49.75069046020508,17897900
2024-12-09,51.230682891360644,52.7106791944677,51.11683599399056,52.395416259765625,40440600
2024-12-10,52.31660154264288,52.49174651011787,51.92251868447191,52.342872619628906,13089300
2024-12-11,52.10642567729515,52.18524225312316,51.18690118641932,51.528438568115234,30138500
2024-12-12,50.71603529261319,50.96342950158907,50.071037469794696,50.106380462646484,28841800
2024-12-13,49.90316100571952,50.10637814949584,49.21398952939172,49.3553581237793,18532800
2024-12-16,49.34652554873131,49.95618041057195,48.895914163038796,49.328857421875,18958500
2024-12-17,49.37303101940658,49.832479806817595,49.16981386986785,49.57624816894531,22987600
2024-12-18,49.275839148210714,49.364193257685564,48.383447138245906,48.42762756347656,34658200
2024-12-19,48.613175105886604,48.74570627525206,47.35852580550147,47.508731842041016,29529900
2024-12-20,47.19948419280912,48.25975036621094,47.11996751603491,48.25975036621094,64919500
2024-12-23,48.303930628547654,48.79872244112003,48.065373841398745,48.46297073364258,18587900
2024-12-26,48.46296718744919,48.94892490106539,48.06537032429881,48.60433578491211,13155800
2024-12-27,48.35693862930746,48.66618473458917,48.118378503687744,48.36577606201172,16635300
2024-12-30,48.50714881124878,48.7633770832674,48.19790267944336,48.19790267944336,11250900
2025-01-02,48.33926891176564,48.68385464905532,47.91516312967888,47.93283462524414,17623900
2025-01-03,47.62359312200782,47.71194723164691,46.722367047617524,47.04044723510742,23608700
2025-01-06,47.25249717343311,47.52640029872438,46.36894261887268,46.43962860107422,21689500
2025-01-07,46.50148078612263,46.73120350525298,45.89182593869248,45.989017486572266,22070200
2025-01-08,45.971343185258505,46.201069260868316,45.44121179160897,45.547237396240234,24423800
2025-01-09,45.98901413322639,46.165725719168734,45.18497961915725,45.26449966430664,15865200
2025-01-10,45.538408192075394,46.21874568782354,45.264505032854125,45.52073669433594,25833900
2025-01-13,45.9448374465685,46.2187405754929,44.94641984293382,45.51189422607422,30845300
2025-01-14,45.900662934256474,46.324768745098055,45.617925727028755,45.81230545043945,21379000
2025-01-15,46.06853367268222,46.545653938341246,45.617922335444106,46.47496795654297,35137700
2025-01-16,46.20107113464301,47.0669542436512,45.9448394901067,46.53681945800781,220262800
2025-01-17,46.96092657712286,48.14488983154297,46.81072054809919,48.14488983154297,54658700
2025-01-20,47.90632924594748,48.14488938122915,47.49989158741585,47.968177795410156,12317600
2025-01-21,47.96817820985258,47.99468376828183,47.04928065204913,47.729618072509766,28798700
2025-01-22,47.95934211257333,47.96817954595803,46.315930034320495,46.527984619140625,34645400
2025-01-23,46.78421756092946,46.819560554464935,45.80347139852716,46.227577209472656,25097300
2025-01-24,46.47497160435394,46.99626896430686,46.47497160435394,46.85490036010742,20520600
2025-01-27,46.731202075867174,47.69427672100094,46.44846487458875,47.676605224609375,24531300
2025-01-28,47.34968986843722,47.51756402452014,46.42195823762266,46.51914978027344,22932900
2025-01-29,46.65167999267578,47.27900291999625,46.50147733563841,46.65167999267578,19220300
2025-01-30,47.093460201233995,49.1256351371403,47.07578870451388,48.62200927734375,40562400
2025-01-31,48.58666611569478,48.781045824472116,47.71194562947084,47.86214828491211,25477600
2025-02-03,47.47338945549686,47.95934382370184,47.11996962884478,47.89749526977539,27216400
2025-02-04,47.8268096140746,48.33926950983483,47.544072422518646,47.729618072509766,32648700
2025-02-05,47.63242810149708,48.1183824548511,47.588251045827306,47.9858512878418,21674800
2025-02-06,48.9489254382142,49.160976651488944,48.5689966963959,48.710365295410156,32789000
2025-02-07,48.86056558474865,49.2846713611981,48.20673710999066,48.44529724121094,24395500
2025-02-10,48.4806387995672,48.94892501831055,48.45413324075855,48.94892501831055,15566300
2025-02-11,48.515984967528745,48.76337918725271,48.056536151974626,48.736873626708984,18198300
2025-02-12,48.604333777971966,48.851731341186614,48.33043402759969,48.40995407104492,35432600
2025-02-13,48.46296813909236,48.59550267640715,47.82681112326392,48.471805572509766,21749900
2025-02-14,48.78988406937925,49.31118139660362,48.59550098687394,49.18748092651367,49803200
2025-02-17,49.16097299738648,49.40836718464946,48.84289283062378,48.92241287231445,12391400
2025-02-18,49.12563576405636,49.45255340181043,49.046115713047726,49.24933624267578,27608200
2025-02-19,48.86056866451611,49.24049741183377,48.348108749606695,49.20515441894531,26472500
2025-02-20,50.185901661329744,51.38753648187951,49.90316445302314,51.01644515991211,76934000
2025-02-21,51.157808585955635,51.38753128051758,50.85739991122507,51.38753128051758,37134700
2025-02-24,51.33451884159897,51.749790565409874,50.78671595542874,50.91925048828125,19081700
2025-02-25,50.6276746906839,50.75137178754932,50.26541746250954,50.42445755004883,19554800
2025-02-26,50.689523738401874,50.97226092559151,50.11521530151367,50.11521530151367,25399100
2025-02-27,49.876656085036736,50.35377636112794,49.48788991763211,49.74412155151367,18658000
2025-02-28,49.42604050882647,49.602752093623,48.72803497314453,48.72803497314453,46789400
2025-03-05,49.61159017063338,49.673438720541036,48.94008681378851,49.116798400878906,13843400
2025-03-06,49.160973780546,49.93850271496426,49.08145373758853,49.655765533447266,17678400
2025-03-07,49.46138202388932,50.67185078230985,49.08145330758696,50.380279541015625,25480600
2025-03-10,49.78525354185755,50.07902573574689,48.885575760316335,49.56492614746094,23626600
2025-03-11,49.647547710131114,50.235092073226525,49.03245979736266,49.9780387878418,23060100
2025-03-12,50.03312155707773,50.03312155707773,48.79377040556268,49.3537712097168,18825700
2025-03-13,49.4639398451831,50.639028586198656,49.2986925532227,50.03312301635742,20584600
2025-03-14,50.67575187182312,51.78657818563428,50.63902947251347,51.676414489746094,31789300
2025-03-17,51.67641553203177,52.54855327200228,51.53870828286349,52.42002487182617,23191800
2025-03-18,52.511830831250556,52.8423254273656,51.97936653705612,52.80560302734375,18165300
2025-03-19,52.64953607210805,52.833144575386065,52.19051656493347,52.71379852294922,23211900
2025-03-20,52.36494496790549,52.77806321490091,52.126252868734426,52.548553466796875,17283200
2025-03-21,52.28231736104674,52.741336822509766,52.172153670866976,52.741336822509766,30524100
2025-03-24,53.20036144794198,53.466593601922476,52.291501285127524,52.4659309387207,18646500
2025-03-25,52.62199295703181,53.016749990370116,52.42920561573842,52.64035415649414,15615800
2025-03-26,52.695437471507404,53.28298184297954,52.68625512080526,52.961666107177734,29401600
2025-03-27,53.24626110477041,53.659379348232825,52.88822646111659,53.383968353271484,15345300
2025-03-28,53.338061675426836,53.595114963206036,52.842323303222656,52.842323303222656,31146000
2025-03-31,52.071171868720555,52.34658286126762,51.43772273361744,52.05281066894531,20469300
2025-04-01,52.42002375257369,53.18199777816469,52.28232000838643,52.502647399902344,12354800
2025-04-02,52.52100776398771,52.60363141000192,51.96100344122926,52.26395797729492,13197700
2025-04-03,51.410183969636485,51.814119868663205,50.27181406941084,50.372798919677734,32351100
2025-04-04,48.858035127940354,49.13344611866686,47.37080947434389,48.3622932434082,45819600
2025-04-07,47.47179452610043,49.09672393104586,46.97605263943082,47.78392791748047,35942800
2025-04-08,48.05933524892598,48.481635806539444,45.002267518055014,45.16751480102539,46815300
2025-04-09,45.12161650616448,47.793109752788105,44.77276071908173,47.600318908691406,56491900
2025-04-10,47.82982717631175,48.87639450531812,47.24228281745665,48.45409393310547,38010400
2025-04-11,48.25212906347258,49.71181115192471,48.25212906347258,49.26197052001953,22129900
2025-04-14,49.94132063483406,50.38197891371286,49.74852979241651,49.904598236083984,19994800
2025-04-15,49.92295919918083,50.17083013650965,49.1426239886181,49.39967727661133,17471900
2025-04-16,49.13344515492856,49.243608848650176,48.123600206018196,48.25212860107422,23105900
2025-04-17,48.454096252955345,48.94983814273935,48.2521300587047,48.545902252197266,23172400
2025-04-22,48.802953646228694,49.84033870841284,48.435736641301645,49.40885925292969,16780900
2025-04-23,50.40034213888392,50.81345688428459,49.94132264218021,49.996402740478516,18377400
2025-04-24,49.98722313049647,51.10722830401613,49.85869823370247,50.776737213134766,19621700
2025-04-25,50.03312042811885,50.14328411638006,49.24360640782572,49.43639373779297,26162200
2025-04-28,49.4823034999869,49.739353299329515,49.234432549746145,49.6108283996582,12001900
2025-04-29,49.76689283679829,49.8862388861402,49.42721939086914,49.42721939086914,11816200
2025-04-30,48.28885001304641,48.88557676403406,47.93081536327016,48.52754211425781,18774400
2025-05-02,48.89475113197316,49.17016560844339,48.24294434201342,48.47245407104492,17135800
2025-05-05,48.564262707295384,48.729510001355926,48.408194261997885,48.61934280395508,12201600
2025-05-06,48.646884231471496,49.188527337913534,48.58261828477173,48.656063079833984,12065000
2025-05-07,49.16098561297766,49.16098561297766,48.34393149881467,48.56426239013672,11240100
2025-05-08,48.56426356902392,48.93147706075376,48.35311152127929,48.41737747192383,15414600
2025-05-09,48.65606589087949,48.72951069018492,48.206225250235676,48.610164642333984,15558800
2025-05-12,50.08820716106227,50.675751537983,49.831153869628906,49.831153869628906,26482400
2025-05-13,50.023945336445095,50.88690071303496,49.69345074480279,50.64820861816406,21187200
2025-05-14,50.95116301708776,51.125589161276444,50.34525743480402,50.40034103393555,16297800
2025-05-15,50.492143753201134,51.08887048928255,50.345257656909816,50.9052619934082,13955400
2025-05-16,50.67575013647022,51.10722605644037,50.31771551056367,50.94198226928711,18163800
2025-05-19,50.49214592161369,50.9236253801424,50.37279986886387,50.80427932739258,14475200
2025-05-20,50.79509597740388,50.97870096285407,50.57476509200679,50.813453674316406,10499200
2025-05-21,50.629849623477305,50.76755336510692,49.9780393057507,50.16164779663086,14486300
2025-05-22,50.14328624601706,50.161647445180506,49.54656303238825,49.78525161743164,18476000
2025-05-23,49.57410196955518,49.97803783597991,49.197706150238325,49.86787414550781,14747300
2025-05-26,49.51902002394892,49.656727268159756,49.39049513044051,49.583282470703125,7194500
2025-05-27,49.574105489274245,49.76689283679829,49.22524969229681,49.42721939086914,17943000
2025-05-28,49.335413787825985,49.38131503405624,48.83048957317135,49.0324592590332,17700600
2025-05-29,49.32623313899893,49.46394038448089,48.95901965444824,49.069183349609375,10246100
2025-05-30,48.97737891177212,49.01410131200895,47.783928920402126,47.829830169677734,28286100
2025-06-02,48.27048980036793,48.42655474130351,47.97671411370914,48.25212860107422,19267700
2025-06-03,47.67376072864326,48.3255675122325,47.618677133479466,48.22458267211914,12824900
2025-06-04,48.30720852828255,48.95901884379177,48.30720852828255,48.444915771484375,11714700
2025-06-05,48.65606419707976,49.26196976209384,48.53671815338346,48.57344055175781,12594000
2025-06-06,48.79377138378549,49.087543566360715,48.38983200621406,48.63770294189453,16638900
2025-06-09,48.55507764991408,48.92229461669922,48.307206722640196,48.92229461669922,13029200
2025-06-10,48.93147661625778,49.45475855130089,48.75705047192367,49.25279235839844,18890600
2025-06-11,49.39967747342174,49.39967747342174,48.646885809812396,48.821311950683594,13639700
2025-06-12,48.564262447119184,48.69278734135755,48.169505413649496,48.5,11136800
2025-06-13,47.80228868523423,48.206224569588386,47.7013038386355,47.85737228393555,13264900
2025-06-16,48.0226178169879,49.6200035983013,48.0226178169879,49.41803741455078,41210000
2025-06-17,49.23443211244873,49.47312070942673,47.16884438082979,47.19638442993164,43657300
2025-06-18,49.23443007473939,49.473118661838576,46.893431442868426,47.04031753540039,20499000
2025-06-20,47.04031728963771,47.07703618604835,45.8285026550293,45.8285026550293,39947200
2025-06-23,45.92030846063826,46.40686798095703,45.745882321779234,46.40686798095703,17288800
2025-06-24,46.581298311508405,46.590477160198716,46.030472834990995,46.39768981933594,18576300
2025-06-25,46.1314570534078,46.4527692838093,45.64489753250248,46.34260559082031,23319900
2025-06-26,46.67310061744698,48.01343665140554,46.67310061744698,47.7380256652832,40488400
2025-06-27,47.912449718745044,48.73868614315834,47.655399943167815,48.53671646118164,26016900
2025-06-30,48.463276019193636,48.68360340154188,48.14196029204493,48.33475112915039,19961900
2025-07-01,48.28884547111776,49.30786922589,48.19704298054247,48.98655700683594,21844300
2025-07-02,49.399675396597004,51.13476838982525,49.39049304628205,50.76755142211914,63100200
2025-07-03,50.95116290046177,51.30001869008139,50.32689611989645,50.528865814208984,18256300
2025-07-04,50.519682289885324,50.675750732421875,50.262632504578846,50.675750732421875,5449600
2025-07-07,50.53804208564088,50.65738812637911,49.75771040075063,49.93213653564453,13174500
2025-07-08,50.051487595789474,51.033789063202,49.90460149324295,50.106571197509766,26632000
2025-07-09,50.216733999566415,50.216733999566415,49.34459624917286,49.6108283996582,12209400
2025-07-10,50.804274881099005,52.43838306725864,50.67574999032789,50.74919128417969,46597200
2025-07-11,50.675752468247865,51.61215264942023,50.50132282049448,51.41018295288086,18313200
2025-07-14,51.281658964112786,51.32756021358269,50.37279881562891,50.82263946533203,15141300
2025-07-15,50.42788197048669,50.82263901611216,49.13344713544806,49.49148178100586,25029100
2025-07-16,49.665907828745276,50.051486024601616,49.49148168183456,49.941322326660156,26394100
2025-07-17,49.94132000328258,50.2993546314664,49.68426671732342,49.84951400756836,20252800
2025-07-18,49.62000541107792,50.290173436002036,49.5465641148603,50.08820724487305,23714000
2025-07-21,50.905263206370975,52.16297565471151,50.804278356131796,51.456085205078125,40484000
2025-07-22,52.28231835787883,53.218718497361984,52.24559595977189,52.78723907470703,40945900
2025-07-23,52.741342074767516,53.15446033163282,52.32822381790221,52.71379852294922,17914800
2025-07-24,52.27313578360035,52.59445151259988,51.676412576099445,51.8967399597168,21651200
2025-07-25,51.575427708767634,51.66723020155872,50.74001241702245,51.134769439697266,21918900
2025-07-28,50.43706075845594,50.785916554595126,50.16164976236325,50.63903045654297,19175100
2025-07-29,50.9970647034884,51.134771951479955,50.280995418830216,50.32689666748047,14648700
2025-07-30,49.867877686084455,50.207551132013606,48.95902104659063,49.42721939086914,35607800
2025-07-31,48.6652432826092,49.2252476034024,48.07769891392147,49.07836151123047,20790000
2025-08-01,49.79443366980413,50.4003392304061,49.17934575865511,49.3445930480957,40510900
2025-08-04,49.93214052897582,49.94132288009651,49.39967973132415,49.73935317993164,16198100
2025-08-05,49.73017088842165,50.464604889159396,49.67509078979492,49.67509078979492,21037600
2025-08-06,50.04230389340322,50.13410989379173,49.32623460057702,49.36295700073242,17954300
2025-08-07,49.66590562974266,50.02394376077138,49.4823006419831,49.72098922729492,20298800
2025-08-08,49.757712656119914,51.13477110507873,49.74853030531738,50.85017776489258,24205600
2025-08-11,50.932801093885836,51.401002924751175,50.76755380087933,50.79509735107422,22304000
2025-08-12,51.364279007921574,51.5662451918182,51.134769274644036,51.32755661010742,25851300
2025-08-13,51.59874893023524,51.788800298518225,51.256657192311536,51.39919662475586,19720000
2025-08-14,50.88605758075742,50.94307407711057,50.43944104657325,50.76252365112305,42823200
2025-08-15,50.8005344081689,50.914567400335294,50.363418812982395,50.66749954223633,34201900
2025-08-18,50.45844311727962,51.03809814521585,50.391925683738904,50.553470611572266,12733400
2025-08-19,50.84804542052907,51.00959034403842,50.36341789985732,50.59148025512695,17724400
2025-08-20,50.26839471099907,50.61998737289215,50.230383713786786,50.36341857910156,9687300
2025-08-21,50.38242552900459,50.86705307017243,50.31590809443113,50.79103469848633,10813800
2025-08-22,50.77202810128824,52.15939688514206,50.657998733761026,52.06437301635742,20706700
2025-08-25,52.425467659521026,52.64402908693994,52.016862115684376,52.187904357910156,10397400
2025-08-26,52.09288058301996,52.65353012084961,51.959845713861796,52.65353012084961,18891500
2025-08-27,52.47298252217111,52.76755869229815,52.37795502783314,52.625022888183594,8789100
2025-08-28,53.21417816894261,53.39472496847022,52.577510277244016,52.64402770996094,22059500
2025-08-29,52.72955266360893,53.052638902737215,52.69154166490481,52.79607009887695,13885400
2025-09-01,52.39696033020376,52.834075927734375,52.0833786623851,52.834075927734375,7765400
2025-09-02,52.36845555733176,52.796070231506405,52.301938121896626,52.634525299072266,9578500
2025-09-03,52.63452362776539,53.04313278956565,52.49198782418536,52.834075927734375,11832100
2025-09-04,53.07163730935306,53.366217092669,52.78656208755628,52.938602447509766,8442100
2025-09-05,53.4042313476539,53.85084789324807,53.233185479152866,53.42323684692383,14014700
2025-09-08,53.432736669152554,53.80333483486235,53.432736669152554,53.556270599365234,9701900
2025-09-09,53.9173679575116,54.65856429071015,53.26169093205601,53.39472579956055,24300300
2025-09-10,53.66079902229035,54.2119439898182,53.480248595485904,53.76532745361328,13463700
2025-09-11,53.64179331892023,54.421000644993754,53.50875845226303,54.18343734741211,14107200
2025-09-12,53.87935728995919,54.5730416925768,53.87935728995919,54.164432525634766,12303800
2025-09-15,54.62055138650998,54.68706881794066,54.14542480490332,54.639556884765625,12457500
2025-09-16,54.896126349485705,55.171700640192086,54.34497776807294,54.82960891723633,15618500
2025-09-17,54.67756879452937,55.133689885498754,54.50652293229983,54.92463302612305,23116700
2025-09-18,54.962645938147695,55.1907083040421,54.54453582975768,54.820106506347656,17700400
2025-09-19,55.08617751530765,55.29523074809968,54.68706929828981,55.03866195678711,25374600
2025-09-22,54.94363919427972,55.53279515751236,54.93413825734149,55.11468505859375,21947300
2025-09-23,55.11468315190976,55.485281303459956,54.791596933263506,54.80109786987305,17652400
2025-09-24,55.06717121856225,55.24771801356707,54.80109786943164,55.010154724121094,13005700
2025-09-25,55.29523018902544,55.63732190731674,55.15269438968949,55.31423568725586,13631100
2025-09-26,54.867620240973395,55.057667977144455,53.72731569930597,54.24995422363281,29037000
2025-09-29,54.639556886407796,54.877120177218266,54.28796423098818,54.43050003051758,15580200
2025-09-30,54.80109929306345,54.90562772312364,54.24995433219369,54.715579986572266,18280700
2025-10-01,54.886621467744746,55.751351706872775,54.886621467744746,55.409263610839844,18278300
2025-10-02,55.456775229447395,55.93190181143385,55.19070550351199,55.77986145019531,14824500
2025-10-03,55.77986336202812,56.17896796461038,55.58981199773397,55.67533493041992,19240200
2025-10-06,55.88439113873876,56.986684688813334,55.87488657692489,56.625587463378906,26102900
2025-10-07,56.54006337916598,56.654092744110464,55.82737350463867,55.82737350463867,26072300
2025-10-08,56.17896762878891,56.435536425313074,55.96040982988201,56.25498962402344,24609500
2025-10-09,56.882157834831474,57.37628993992843,56.16946792602539,56.16946792602539,18184600
2025-10-10,56.606580371349985,56.82513816285029,55.941402435302734,55.941402435302734,22970400
2025-10-13,56.70160785478649,57.07220965524756,56.58757848345219,56.77762985229492,23294500
2025-10-14,56.350015178630876,57.13872709060326,56.2739968060508,56.77762985229492,19329000
2025-10-15,56.53056306813101,57.94643827123581,56.502053007883234,57.8324089050293,45104600
2025-10-16,57.59484605786096,57.89892678672364,57.081708468557096,57.30026626586914,21358500
2025-10-17,56.920167482240224,57.30026658295786,56.82513998836463,57.13872528076172,17325300
2025-10-20,57.14822788842621,58.298033410973865,57.14822788842621,57.87042236328125,17798400
2025-10-21,57.63285863316244,58.01295774218363,57.556836636401215,57.775394439697266,13432700
2025-10-22,58.164998534201935,59.143761812522115,58.13649209767312,58.80167007446289,25267300
2025-10-23,59.12475272256067,59.42883344349582,58.60211058508328,58.6876335144043,11217700
2025-10-24,58.90619796048208,59.039232829617156,58.27903098818225,58.65913009643555,11127600
2025-10-27,58.97271595701857,59.06773982875533,58.34554897874227,58.592613220214844,12018100
2025-10-28,58.59260964698719,59.428833442001874,58.516591279219384,59.10574722290039,15797400
2025-10-29,59.694903766125705,60.521623007892465,59.590375337583026,60.179534912109375,30844900
2025-10-30,59.970480296243444,60.816205067981535,59.799434429495484,60.635658264160156,25586000
2025-10-31,61.08227557473102,62.28910121917285,60.69267190110292,62.013526916503906,38988400
2025-11-03,61.861481501221,62.13705579756086,61.43387046371297,62.09904479980469,16985400
2025-11-04,61.623919168437,61.7759631618446,60.84471182686465,61.405364990234375,22055700
2025-11-05,61.40536244446715,62.87825050779235,61.291329454139074,62.46014404296875,22505400
2025-11-06,62.48865264049777,62.76422693926791,62.013526039140274,62.24158477783203,15939100
2025-11-07,61.62391718226363,61.63342174400943,60.83520530405978,61.55739974975586,20800300
2025-11-10,61.823471615677455,62.27959634710076,61.68093943384829,61.96601104736328,12689400
2025-11-11,61.96601136907203,62.393629666349554,61.53840032165119,61.80447006225586,25496500
2025-11-12,62.013524684654875,62.66919445030475,62.013524684654875,62.488651275634766,26550300
2025-11-13,62.48865232067149,63.14432209728654,62.06103403172441,62.40312576293945,19058500
2025-11-14,61.62391710346178,62.27959411581164,61.39585837084911,62.02302169799805,16374400
2025-11-17,62.33660705611328,62.49814835648363,61.68093729288761,61.97551345825195,20150800
2025-11-18,61.243813596916716,62.04203002560634,61.10128142202241,61.785457611083984,22468700
2025-11-19,61.785458167031244,62.013524148626885,61.481377441426766,61.71894073486328,16523800
2025-11-21,61.33884776799255,62.02302399112606,60.93973590884384,61.91850280761719,20272600
2025-11-24,61.77596355467142,62.26058747456238,61.55740212522235,61.85197830200195,20462800
2025-11-25,61.91850240582638,62.631192310590365,61.91850240582638,62.33660888671875,18275300
2025-11-26,62.707207249207904,63.562436587514604,62.640689814553866,63.267860412597656,33408500
2025-11-27,63.1918376292816,63.33437705886783,62.849745898217265,63.030296325683594,9739100
2025-11-28,64.33213733873976,64.43666576845139,63.70497401032638,64.04706573486328,46007200
2025-12-01,64.42716536493786,64.74074338916891,64.14208652488483,64.54119110107422,15657000
2025-12-02,64.71224051902739,65.30140010431755,64.38915791570652,65.0733413696289,22567200
2025-12-03,65.43443578679917,67.56300092011637,65.39642478890073,67.17340087890625,42361200
2025-12-04,67.18289879055385,68.78882902927656,67.17340147838691,68.34220886230469,38019900
2025-12-05,68.3802223620555,68.73181867122375,66.4417048801583,66.7267837524414,40196800
2025-12-08,66.91682520415998,67.33493891087078,66.03308948306608,66.2706527709961,20860900
2025-12-09,65.66249754961359,66.92633610100395,65.4724498012218,66.30867004394531,23081300
2025-12-10,66.75528353841582,67.80056054954433,66.75528353841582,67.52498626708984,24454800
2025-12-11,67.22090712683953,68.76982443179682,66.96434196121602,68.41822814941406,25687700
2025-12-12,67.75,68.9800033569336,67.72000122070312,68.61000061035156,36483700
2025-12-15,68.6500015258789,69.38999938964844,68.5,69.02999877929688,16841700
2025-12-16,69.33000183105469,70.02999877929688,69.26000213623047,69.29000091552734,21953000
2025-12-17,69.63999938964844,70.7699966430664,69.44000244140625,70.16999816894531,29375000
2025-12-18,70.5999984741211,71.12000274658203,70.30999755859375,70.3499984741211,18430200
2025-12-19,70.5,70.93000030517578,70.37999725341797,70.8499984741211,37147100
2025-12-22,71.02999877929688,73.37000274658203,70.80999755859375,72.91999816894531,27853000
2025-12-23,73.2300033569336,73.52999877929688,72.58000183105469,72.9000015258789,17140900
2025-12-26,72.86000061035156,73.3499984741211,72.62000274658203,73.12000274658203,16368800
2025-12-29,73.19000244140625,73.73999786376953,71.69999694824219,72.12000274658203,19963700
2025-12-30,72.5,72.83999633789062,71.91000366210938,71.95999908447266,17085400
2026-01-02,72.33000183105469,72.55000305175781,71.6500015258789,72.37999725341797,28418900
2026-01-05,72.4000015258789,73.5,72.30000305175781,73.12000274658203,24958100
2026-01-06,73.44999694824219,75.98999786376953,72.87999725341797,75.87000274658203,39536600
2026-01-07,76.0999984741211,77.33999633789062,75.62000274658203,76.31999969482422,41501600
2026-01-08,75.80000305175781,75.80000305175781,74.19000244140625,75.58000183105469,31894900
2026-01-09,74.9000015258789,75.70999908447266,74.19999694824219,74.72000122070312,24801200
2026-01-12,75.0,75.47000122070312,74.51000213623047,74.73999786376953,13129800
2026-01-13,74.47000122070312,76.05000305175781,74.27999877929688,75.3499984741211,24539200
2026-01-14,75.83999633789062,79.08999633789062,75.63999938964844,78.91999816894531,44225300
2026-01-15,78.9000015258789,79.63999938964844,78.51000213623047,78.8499984741211,35503900
2026-01-16,78.38999938964844,78.87999725341797,77.56999969482422,78.87999725341797,45910100
2026-01-19,78.5199966430664,78.6500015258789,77.87000274658203,78.56999969482422,10678500
2026-01-20,77.83000183105469,80.20999908447266,77.41000366210938,80.08000183105469,31198500
2026-01-21,80.98999786376953,82.80000305175781,80.5,82.5,83134600
